Id,UserId,Name,Date
1,5,Teacher,"2010-07-19 19:39:07"
2,6,Teacher,"2010-07-19 19:39:07"
3,8,Teacher,"2010-07-19 19:39:07"
4,23,Teacher,"2010-07-19 19:39:07"
5,36,Teacher,"2010-07-19 19:39:07"
6,37,Teacher,"2010-07-19 19:39:07"
7,50,Teacher,"2010-07-19 19:39:07"
8,55,Teacher,"2010-07-19 19:39:07"
9,5,Student,"2010-07-19 19:39:07"
10,8,Student,"2010-07-19 19:39:07"
11,13,Student,"2010-07-19 19:39:08"
12,18,Student,"2010-07-19 19:39:08"
13,23,Student,"2010-07-19 19:39:08"
14,24,Student,"2010-07-19 19:39:08"
16,59,Student,"2010-07-19 19:39:08"
17,66,Student,"2010-07-19 19:39:08"
18,69,Student,"2010-07-19 19:39:08"
19,75,Student,"2010-07-19 19:39:08"
20,13,Editor,"2010-07-19 19:39:08"
21,23,Editor,"2010-07-19 19:39:08"
22,6,Organizer,"2010-07-19 19:39:08"
23,60,Organizer,"2010-07-19 19:39:08"
24,80,Organizer,"2010-07-19 19:39:08"
25,6,Supporter,"2010-07-19 19:39:09"
26,22,Supporter,"2010-07-19 19:39:09"
27,23,Supporter,"2010-07-19 19:39:09"
28,24,Supporter,"2010-07-19 19:39:09"
29,41,Supporter,"2010-07-19 19:39:09"
31,50,Supporter,"2010-07-19 19:39:09"
32,55,Supporter,"2010-07-19 19:39:09"
33,57,Supporter,"2010-07-19 19:39:09"
34,59,Supporter,"2010-07-19 19:39:09"
35,62,Supporter,"2010-07-19 19:39:09"
37,64,Supporter,"2010-07-19 19:39:09"
38,66,Supporter,"2010-07-19 19:39:09"
39,69,Supporter,"2010-07-19 19:39:09"
40,71,Supporter,"2010-07-19 19:39:09"
41,76,Supporter,"2010-07-19 19:39:09"
42,77,Supporter,"2010-07-19 19:39:09"
43,78,Supporter,"2010-07-19 19:39:09"
44,80,Supporter,"2010-07-19 19:39:09"
45,81,Supporter,"2010-07-19 19:39:09"
46,88,Supporter,"2010-07-19 19:39:09"
47,23,Critic,"2010-07-19 19:39:09"
48,60,Critic,"2010-07-19 19:39:09"
49,61,Critic,"2010-07-19 19:39:09"
50,74,Critic,"2010-07-19 19:39:09"
51,2,Autobiographer,"2010-07-19 19:39:09"
52,3,Autobiographer,"2010-07-19 19:39:09"
53,7,Autobiographer,"2010-07-19 19:39:09"
54,8,Autobiographer,"2010-07-19 19:39:09"
55,10,Autobiographer,"2010-07-19 19:39:09"
56,11,Autobiographer,"2010-07-19 19:39:09"
57,12,Autobiographer,"2010-07-19 19:39:09"
58,13,Autobiographer,"2010-07-19 19:39:09"
60,18,Autobiographer,"2010-07-19 19:39:09"
61,19,Autobiographer,"2010-07-19 19:39:09"
62,27,Autobiographer,"2010-07-19 19:39:09"
63,29,Autobiographer,"2010-07-19 19:39:09"
64,38,Autobiographer,"2010-07-19 19:39:10"
65,39,Autobiographer,"2010-07-19 19:39:10"
66,40,Autobiographer,"2010-07-19 19:39:10"
67,41,Autobiographer,"2010-07-19 19:39:10"
69,46,Autobiographer,"2010-07-19 19:39:10"
70,50,Autobiographer,"2010-07-19 19:39:10"
71,53,Autobiographer,"2010-07-19 19:39:10"
72,54,Autobiographer,"2010-07-19 19:39:10"
73,55,Autobiographer,"2010-07-19 19:39:10"
74,57,Autobiographer,"2010-07-19 19:39:10"
75,59,Autobiographer,"2010-07-19 19:39:10"
76,60,Autobiographer,"2010-07-19 19:39:10"
77,62,Autobiographer,"2010-07-19 19:39:10"
78,64,Autobiographer,"2010-07-19 19:39:10"
79,65,Autobiographer,"2010-07-19 19:39:10"
80,66,Autobiographer,"2010-07-19 19:39:10"
81,69,Autobiographer,"2010-07-19 19:39:10"
82,71,Autobiographer,"2010-07-19 19:39:10"
83,74,Autobiographer,"2010-07-19 19:39:10"
84,75,Autobiographer,"2010-07-19 19:39:10"
85,76,Autobiographer,"2010-07-19 19:39:10"
86,78,Autobiographer,"2010-07-19 19:39:10"
87,80,Autobiographer,"2010-07-19 19:39:10"
88,84,Autobiographer,"2010-07-19 19:39:10"
89,85,Autobiographer,"2010-07-19 19:39:10"
90,88,Autobiographer,"2010-07-19 19:39:10"
91,23,"Nice Answer","2010-07-19 19:39:10"
93,22,Student,"2010-07-19 19:44:07"
94,62,Student,"2010-07-19 19:44:07"
95,8,Supporter,"2010-07-19 19:44:07"
96,36,Supporter,"2010-07-19 19:44:07"
97,55,Critic,"2010-07-19 19:44:07"
98,36,Autobiographer,"2010-07-19 19:44:07"
99,94,Autobiographer,"2010-07-19 19:44:07"
100,39,Teacher,"2010-07-19 19:49:06"
101,41,Teacher,"2010-07-19 19:49:06"
102,56,Teacher,"2010-07-19 19:49:06"
103,87,Teacher,"2010-07-19 19:49:07"
104,17,Student,"2010-07-19 19:49:07"
105,68,Student,"2010-07-19 19:49:07"
106,69,Editor,"2010-07-19 19:49:07"
107,87,Supporter,"2010-07-19 19:49:07"
108,94,Supporter,"2010-07-19 19:49:07"
109,101,Supporter,"2010-07-19 19:49:07"
110,6,Autobiographer,"2010-07-19 19:49:07"
112,39,Editor,"2010-07-19 19:54:06"
113,17,Supporter,"2010-07-19 19:54:06"
114,74,Teacher,"2010-07-19 19:59:06"
115,83,Teacher,"2010-07-19 19:59:07"
116,96,Teacher,"2010-07-19 19:59:07"
117,93,Supporter,"2010-07-19 19:59:07"
118,103,Supporter,"2010-07-19 19:59:07"
119,104,Supporter,"2010-07-19 19:59:07"
120,25,Critic,"2010-07-19 19:59:07"
121,36,Critic,"2010-07-19 19:59:07"
122,107,Critic,"2010-07-19 19:59:07"
123,25,Teacher,"2010-07-19 20:04:06"
124,74,Editor,"2010-07-19 20:04:06"
125,102,Supporter,"2010-07-19 20:04:06"
126,93,Teacher,"2010-07-19 20:09:06"
127,22,Editor,"2010-07-19 20:09:07"
128,74,Supporter,"2010-07-19 20:09:07"
129,69,Teacher,"2010-07-19 20:14:06"
130,72,Teacher,"2010-07-19 20:14:07"
131,5,Editor,"2010-07-19 20:14:07"
132,33,Supporter,"2010-07-19 20:14:07"
133,60,Supporter,"2010-07-19 20:14:07"
134,13,Critic,"2010-07-19 20:14:08"
135,103,Critic,"2010-07-19 20:14:08"
136,111,Autobiographer,"2010-07-19 20:14:08"
137,113,Autobiographer,"2010-07-19 20:14:08"
138,22,Teacher,"2010-07-19 20:19:06"
139,5,Supporter,"2010-07-19 20:19:06"
140,13,Supporter,"2010-07-19 20:19:06"
141,116,Supporter,"2010-07-19 20:19:06"
142,117,Autobiographer,"2010-07-19 20:19:06"
143,88,Teacher,"2010-07-19 20:24:06"
144,8,Editor,"2010-07-19 20:24:06"
145,117,Supporter,"2010-07-19 20:24:07"
146,120,Supporter,"2010-07-19 20:24:07"
147,119,Autobiographer,"2010-07-19 20:24:07"
148,114,Student,"2010-07-19 20:29:06"
149,29,Supporter,"2010-07-19 20:29:06"
150,121,Supporter,"2010-07-19 20:29:06"
151,55,Student,"2010-07-19 20:34:06"
152,57,Student,"2010-07-19 20:34:06"
153,117,Student,"2010-07-19 20:34:06"
154,25,Supporter,"2010-07-19 20:34:06"
155,61,Supporter,"2010-07-19 20:34:06"
156,46,Teacher,"2010-07-19 20:39:06"
157,69,Organizer,"2010-07-19 20:39:06"
158,16,Supporter,"2010-07-19 20:39:07"
159,46,Supporter,"2010-07-19 20:39:07"
160,46,Critic,"2010-07-19 20:39:07"
161,69,Critic,"2010-07-19 20:39:07"
162,122,Autobiographer,"2010-07-19 20:39:07"
163,123,Autobiographer,"2010-07-19 20:44:06"
164,58,Supporter,"2010-07-19 20:49:06"
165,58,Scholar,"2010-07-19 20:49:06"
166,124,Organizer,"2010-07-19 20:54:06"
167,12,Supporter,"2010-07-19 20:54:06"
168,114,Supporter,"2010-07-19 20:54:06"
169,127,Supporter,"2010-07-19 20:54:06"
170,126,Autobiographer,"2010-07-19 20:54:06"
171,127,Autobiographer,"2010-07-19 20:54:06"
172,39,Student,"2010-07-19 20:59:06"
173,87,Editor,"2010-07-19 20:59:06"
174,124,Supporter,"2010-07-19 20:59:07"
175,13,Commentator,"2010-07-19 20:59:07"
176,61,Teacher,"2010-07-19 21:04:06"
177,128,Supporter,"2010-07-19 21:04:06"
178,103,Autobiographer,"2010-07-19 21:04:07"
179,38,Student,"2010-07-19 21:09:06"
180,24,Organizer,"2010-07-19 21:09:06"
181,72,Supporter,"2010-07-19 21:09:06"
182,54,Critic,"2010-07-19 21:09:06"
183,83,Student,"2010-07-19 21:14:06"
184,132,Supporter,"2010-07-19 21:14:06"
185,132,Autobiographer,"2010-07-19 21:14:06"
186,117,Scholar,"2010-07-19 21:14:06"
187,130,Teacher,"2010-07-19 21:19:06"
188,130,Supporter,"2010-07-19 21:19:06"
189,130,Critic,"2010-07-19 21:19:06"
190,133,Autobiographer,"2010-07-19 21:19:06"
191,135,Supporter,"2010-07-19 21:24:06"
192,131,Student,"2010-07-19 21:29:06"
193,83,Supporter,"2010-07-19 21:29:06"
195,140,Autobiographer,"2010-07-19 21:34:06"
196,142,Student,"2010-07-19 21:39:06"
197,13,Organizer,"2010-07-19 21:39:07"
198,138,Supporter,"2010-07-19 21:39:07"
199,140,Supporter,"2010-07-19 21:39:07"
200,83,Scholar,"2010-07-19 21:39:07"
201,61,Organizer,"2010-07-19 21:44:06"
202,142,Supporter,"2010-07-19 21:44:07"
203,5,Self-Learner,"2010-07-19 21:44:07"
204,5,Commentator,"2010-07-19 21:44:07"
205,24,Editor,"2010-07-19 21:49:06"
206,22,Organizer,"2010-07-19 21:54:06"
207,90,Supporter,"2010-07-19 21:54:06"
208,90,Editor,"2010-07-19 21:59:06"
209,147,Autobiographer,"2010-07-19 21:59:06"
210,142,Teacher,"2010-07-19 22:04:06"
211,148,Supporter,"2010-07-19 22:04:06"
212,5,Mortarboard,"2010-07-19 22:04:06"
213,88,Organizer,"2010-07-19 22:09:06"
214,17,Scholar,"2010-07-19 22:09:07"
215,138,Student,"2010-07-19 22:14:07"
216,39,Supporter,"2010-07-19 22:14:07"
217,88,Critic,"2010-07-19 22:34:06"
218,153,Autobiographer,"2010-07-19 22:34:06"
219,18,"Nice Question","2010-07-19 22:39:07"
220,90,Student,"2010-07-19 22:44:06"
221,156,Autobiographer,"2010-07-19 22:49:06"
222,81,Editor,"2010-07-19 22:54:06"
223,154,Editor,"2010-07-19 22:59:07"
224,145,Supporter,"2010-07-19 22:59:07"
225,145,Teacher,"2010-07-19 23:04:07"
226,154,Student,"2010-07-19 23:04:07"
229,158,Supporter,"2010-07-19 23:09:07"
230,159,Autobiographer,"2010-07-19 23:09:07"
231,159,Supporter,"2010-07-19 23:14:07"
232,161,Autobiographer,"2010-07-19 23:19:07"
233,148,Editor,"2010-07-19 23:24:07"
234,163,Autobiographer,"2010-07-19 23:29:07"
235,131,Supporter,"2010-07-19 23:34:07"
236,159,Organizer,"2010-07-19 23:44:07"
237,164,Autobiographer,"2010-07-19 23:44:07"
238,108,Teacher,"2010-07-19 23:49:07"
239,54,Supporter,"2010-07-19 23:49:07"
240,159,Teacher,"2010-07-20 00:04:07"
241,90,Teacher,"2010-07-20 00:14:07"
242,158,Teacher,"2010-07-20 00:14:07"
244,169,Autobiographer,"2010-07-20 00:29:07"
245,166,Supporter,"2010-07-20 00:34:07"
246,119,Teacher,"2010-07-20 00:49:07"
247,74,Student,"2010-07-20 00:59:07"
248,173,Supporter,"2010-07-20 00:59:07"
249,174,Autobiographer,"2010-07-20 01:14:07"
250,175,Autobiographer,"2010-07-20 01:19:07"
251,176,Autobiographer,"2010-07-20 01:19:07"
252,24,Scholar,"2010-07-20 01:24:07"
253,177,Autobiographer,"2010-07-20 01:29:07"
254,13,Teacher,"2010-07-20 01:44:07"
255,174,Supporter,"2010-07-20 01:44:07"
256,178,Supporter,"2010-07-20 01:44:07"
257,173,Teacher,"2010-07-20 01:49:07"
258,179,Supporter,"2010-07-20 01:49:07"
260,62,Critic,"2010-07-20 02:04:07"
261,81,Teacher,"2010-07-20 02:09:07"
262,62,Editor,"2010-07-20 02:14:07"
263,181,Autobiographer,"2010-07-20 02:49:08"
264,80,Teacher,"2010-07-20 02:59:08"
265,181,Supporter,"2010-07-20 02:59:08"
266,183,Supporter,"2010-07-20 02:59:08"
267,83,Editor,"2010-07-20 03:09:08"
268,184,Supporter,"2010-07-20 03:14:08"
269,184,Autobiographer,"2010-07-20 03:14:08"
270,183,Teacher,"2010-07-20 03:29:08"
271,183,Editor,"2010-07-20 03:44:08"
272,186,Autobiographer,"2010-07-20 03:44:08"
273,174,Teacher,"2010-07-20 03:54:08"
274,175,Supporter,"2010-07-20 03:54:08"
275,188,Autobiographer,"2010-07-20 03:54:08"
276,18,Organizer,"2010-07-20 03:59:08"
277,187,Student,"2010-07-20 04:09:08"
280,23,"Good Answer","2010-07-20 04:09:08"
281,189,Autobiographer,"2010-07-20 04:29:08"
282,190,Supporter,"2010-07-20 04:44:08"
283,190,Autobiographer,"2010-07-20 04:44:08"
284,191,Autobiographer,"2010-07-20 04:59:08"
285,159,Student,"2010-07-20 05:09:08"
288,85,Supporter,"2010-07-20 05:14:08"
289,191,Student,"2010-07-20 05:19:09"
290,144,Supporter,"2010-07-20 05:19:09"
291,154,Supporter,"2010-07-20 05:19:09"
292,144,Scholar,"2010-07-20 05:19:09"
293,193,Autobiographer,"2010-07-20 05:24:08"
294,159,Editor,"2010-07-20 05:29:08"
295,174,Editor,"2010-07-20 05:29:09"
296,193,Supporter,"2010-07-20 05:34:08"
297,187,Teacher,"2010-07-20 05:39:09"
298,85,Editor,"2010-07-20 05:44:09"
299,196,Supporter,"2010-07-20 05:59:09"
300,197,Autobiographer,"2010-07-20 05:59:09"
301,196,Critic,"2010-07-20 06:04:09"
302,154,Organizer,"2010-07-20 06:19:09"
303,178,Critic,"2010-07-20 06:39:10"
304,128,Editor,"2010-07-20 06:54:10"
305,79,Student,"2010-07-20 06:59:10"
306,128,Student,"2010-07-20 06:59:10"
307,196,Student,"2010-07-20 06:59:10"
308,200,Autobiographer,"2010-07-20 06:59:10"
309,199,Teacher,"2010-07-20 07:04:08"
310,71,Student,"2010-07-20 07:04:08"
311,85,Student,"2010-07-20 07:04:08"
312,87,Student,"2010-07-20 07:04:08"
313,144,Student,"2010-07-20 07:04:08"
314,148,Student,"2010-07-20 07:04:08"
315,166,Student,"2010-07-20 07:04:08"
316,173,Student,"2010-07-20 07:04:08"
317,175,Student,"2010-07-20 07:04:08"
318,183,Student,"2010-07-20 07:04:08"
319,188,Student,"2010-07-20 07:04:08"
320,190,Student,"2010-07-20 07:04:08"
321,132,Student,"2010-07-20 07:09:08"
322,202,Autobiographer,"2010-07-20 07:09:08"
323,203,Autobiographer,"2010-07-20 07:09:08"
324,103,Editor,"2010-07-20 07:24:08"
325,144,Organizer,"2010-07-20 07:24:08"
326,103,Cleanup,"2010-07-20 07:29:08"
327,144,Editor,"2010-07-20 07:34:08"
328,199,Supporter,"2010-07-20 07:39:08"
329,65,Supporter,"2010-07-20 07:49:08"
330,204,Supporter,"2010-07-20 07:49:08"
331,66,"Nice Question","2010-07-20 07:49:08"
332,206,Supporter,"2010-07-20 08:09:08"
333,114,Teacher,"2010-07-20 08:14:09"
334,207,Autobiographer,"2010-07-20 08:14:09"
336,196,Scholar,"2010-07-20 08:39:08"
337,212,Autobiographer,"2010-07-20 08:44:08"
338,103,Teacher,"2010-07-20 08:54:10"
339,138,Teacher,"2010-07-20 08:54:10"
340,196,Editor,"2010-07-20 08:54:10"
341,212,Supporter,"2010-07-20 08:54:10"
342,196,Teacher,"2010-07-20 09:04:09"
343,199,Student,"2010-07-20 09:09:08"
344,214,Supporter,"2010-07-20 09:24:08"
345,108,Supporter,"2010-07-20 09:39:09"
346,218,Autobiographer,"2010-07-20 09:44:08"
347,217,Student,"2010-07-20 09:49:08"
348,217,Teacher,"2010-07-20 09:59:09"
349,79,Supporter,"2010-07-20 09:59:09"
350,217,Supporter,"2010-07-20 09:59:09"
351,190,Teacher,"2010-07-20 10:04:09"
352,187,Supporter,"2010-07-20 10:04:09"
353,190,Editor,"2010-07-20 10:14:09"
354,88,Editor,"2010-07-20 10:19:09"
355,211,Teacher,"2010-07-20 10:29:09"
356,194,Supporter,"2010-07-20 10:29:09"
357,159,Mortarboard,"2010-07-20 10:29:09"
358,169,Teacher,"2010-07-20 10:34:10"
359,171,Teacher,"2010-07-20 10:34:10"
360,107,Supporter,"2010-07-20 11:04:10"
361,88,Commentator,"2010-07-20 11:14:11"
362,213,Supporter,"2010-07-20 11:19:10"
363,213,Editor,"2010-07-20 11:24:09"
364,215,Editor,"2010-07-20 11:39:11"
365,215,Autobiographer,"2010-07-20 11:44:09"
366,198,Supporter,"2010-07-20 11:49:09"
367,62,Teacher,"2010-07-20 11:59:12"
368,107,Teacher,"2010-07-20 11:59:13"
369,221,Supporter,"2010-07-20 11:59:13"
370,215,Supporter,"2010-07-20 12:04:12"
371,40,Teacher,"2010-07-20 12:34:12"
372,220,Student,"2010-07-20 12:34:13"
373,222,Autobiographer,"2010-07-20 12:34:13"
374,56,Supporter,"2010-07-20 12:44:13"
375,220,Supporter,"2010-07-20 12:54:12"
376,13,"Nice Question","2010-07-20 12:54:13"
377,225,Autobiographer,"2010-07-20 13:14:12"
378,189,Student,"2010-07-20 13:19:12"
379,199,Editor,"2010-07-20 13:59:12"
380,198,Teacher,"2010-07-20 14:19:12"
381,232,Supporter,"2010-07-20 14:19:12"
382,232,Autobiographer,"2010-07-20 14:19:12"
383,194,Scholar,"2010-07-20 14:19:12"
384,168,Supporter,"2010-07-20 14:24:12"
386,38,Supporter,"2010-07-20 14:34:12"
387,38,Scholar,"2010-07-20 14:34:12"
388,215,Student,"2010-07-20 14:39:11"
389,210,Supporter,"2010-07-20 14:39:12"
390,217,Critic,"2010-07-20 14:39:12"
391,89,Supporter,"2010-07-20 14:44:12"
392,62,Organizer,"2010-07-20 14:59:11"
394,18,Supporter,"2010-07-20 15:09:11"
396,36,Editor,"2010-07-20 15:14:11"
398,230,Supporter,"2010-07-20 15:29:11"
399,71,Teacher,"2010-07-20 15:39:12"
400,190,Organizer,"2010-07-20 15:49:11"
401,190,Critic,"2010-07-20 15:49:11"
402,5,Organizer,"2010-07-20 15:54:11"
403,75,Supporter,"2010-07-20 15:54:11"
404,240,Autobiographer,"2010-07-20 15:54:11"
405,8,Commentator,"2010-07-20 16:04:11"
406,241,Autobiographer,"2010-07-20 16:09:11"
407,24,Critic,"2010-07-20 16:14:11"
408,200,Editor,"2010-07-20 16:19:11"
409,22,Commentator,"2010-07-20 16:24:11"
410,148,Scholar,"2010-07-20 16:34:11"
412,38,Teacher,"2010-07-20 16:54:11"
413,200,Supporter,"2010-07-20 16:54:11"
414,218,Supporter,"2010-07-20 17:29:25"
415,233,Supporter,"2010-07-20 17:52:22"
416,229,Teacher,"2010-07-20 18:02:22"
417,240,Supporter,"2010-07-20 18:02:23"
418,89,Teacher,"2010-07-20 18:07:22"
420,139,Supporter,"2010-07-20 18:12:22"
422,58,Student,"2010-07-20 18:32:22"
423,68,Supporter,"2010-07-20 18:32:23"
424,200,Student,"2010-07-20 19:02:22"
425,216,Teacher,"2010-07-20 19:07:26"
426,248,Autobiographer,"2010-07-20 19:12:27"
427,215,Teacher,"2010-07-20 19:27:26"
428,220,Editor,"2010-07-20 19:27:27"
429,247,Student,"2010-07-20 19:57:27"
430,151,Supporter,"2010-07-20 19:57:27"
431,151,Critic,"2010-07-20 19:57:27"
432,54,Editor,"2010-07-20 20:07:27"
433,54,Teacher,"2010-07-20 20:47:27"
434,90,Scholar,"2010-07-20 21:37:27"
435,74,Mortarboard,"2010-07-20 22:07:27"
436,24,Teacher,"2010-07-20 22:42:31"
437,178,Teacher,"2010-07-20 22:42:32"
438,8,Critic,"2010-07-20 22:42:32"
439,155,Supporter,"2010-07-20 22:57:31"
440,34,Supporter,"2010-07-20 23:37:32"
441,83,"Nice Question","2010-07-20 23:37:32"
442,61,"Nice Answer","2010-07-20 23:37:32"
444,170,Supporter,"2010-07-21 00:02:32"
446,71,Editor,"2010-07-21 00:27:32"
447,226,Editor,"2010-07-21 00:37:32"
448,196,Commentator,"2010-07-21 00:52:32"
450,89,Critic,"2010-07-21 03:18:11"
451,191,Supporter,"2010-07-21 03:28:11"
452,252,Autobiographer,"2010-07-21 04:23:12"
453,252,Student,"2010-07-21 04:28:12"
454,111,Supporter,"2010-07-21 04:33:12"
455,34,Teacher,"2010-07-21 04:53:12"
456,251,Supporter,"2010-07-21 05:18:12"
457,19,Supporter,"2010-07-21 05:48:12"
458,68,Teacher,"2010-07-21 06:03:13"
459,223,Supporter,"2010-07-21 06:03:13"
460,223,Teacher,"2010-07-21 06:28:12"
461,103,Organizer,"2010-07-21 06:28:13"
462,223,Critic,"2010-07-21 06:38:12"
463,125,Student,"2010-07-21 06:53:12"
464,194,Student,"2010-07-21 06:53:13"
465,213,Student,"2010-07-21 06:53:13"
466,221,Student,"2010-07-21 06:53:13"
467,223,Autobiographer,"2010-07-21 07:13:12"
468,199,Scholar,"2010-07-21 07:43:12"
469,252,Supporter,"2010-07-21 07:48:12"
470,253,Autobiographer,"2010-07-21 07:58:12"
471,253,Supporter,"2010-07-21 08:03:12"
472,38,"Nice Question","2010-07-21 08:03:12"
473,226,Teacher,"2010-07-21 08:13:12"
474,108,Editor,"2010-07-21 08:38:12"
475,253,Teacher,"2010-07-21 08:48:12"
476,108,Autobiographer,"2010-07-21 09:18:12"
477,17,Critic,"2010-07-21 09:23:12"
478,5,Critic,"2010-07-21 09:53:12"
479,229,Supporter,"2010-07-21 10:18:12"
480,254,Supporter,"2010-07-21 10:28:12"
481,255,Supporter,"2010-07-21 10:38:12"
482,170,Teacher,"2010-07-21 10:48:12"
483,251,Teacher,"2010-07-21 10:58:12"
484,139,Teacher,"2010-07-21 11:13:12"
485,8,Scholar,"2010-07-21 11:18:12"
486,88,Scholar,"2010-07-21 11:18:12"
487,34,Student,"2010-07-21 12:33:12"
488,210,Student,"2010-07-21 12:33:12"
489,256,Supporter,"2010-07-21 12:58:12"
490,256,Teacher,"2010-07-21 13:23:12"
491,219,Editor,"2010-07-21 13:43:12"
492,23,Scholar,"2010-07-21 14:18:12"
493,62,Scholar,"2010-07-21 14:28:12"
494,210,Editor,"2010-07-21 14:48:12"
495,258,Supporter,"2010-07-21 15:08:12"
496,77,Student,"2010-07-21 15:23:12"
497,43,Supporter,"2010-07-21 15:23:12"
498,43,Critic,"2010-07-21 15:23:12"
499,210,Teacher,"2010-07-21 15:28:12"
501,247,Supporter,"2010-07-21 17:13:12"
502,30,Teacher,"2010-07-21 17:28:12"
503,8,"Nice Answer","2010-07-21 18:03:13"
504,77,Teacher,"2010-07-21 18:08:12"
505,138,Editor,"2010-07-21 18:38:12"
506,132,Scholar,"2010-07-21 18:53:12"
507,212,Critic,"2010-07-21 19:38:13"
508,259,Supporter,"2010-07-21 20:48:13"
509,11,Supporter,"2010-07-21 21:23:13"
510,259,Student,"2010-07-21 21:28:13"
511,132,Editor,"2010-07-21 21:33:13"
512,74,"Nice Question","2010-07-21 21:38:14"
513,261,Autobiographer,"2010-07-21 21:43:13"
515,168,Teacher,"2010-07-21 23:03:14"
516,129,Supporter,"2010-07-21 23:03:14"
517,168,Critic,"2010-07-21 23:03:14"
518,189,Scholar,"2010-07-21 23:08:14"
519,251,Editor,"2010-07-22 00:38:14"
521,110,Supporter,"2010-07-22 00:43:14"
523,260,Autobiographer,"2010-07-22 01:58:14"
524,260,Teacher,"2010-07-22 03:38:16"
525,263,Autobiographer,"2010-07-22 04:38:17"
526,252,Scholar,"2010-07-22 05:13:18"
527,128,Teacher,"2010-07-22 08:23:18"
528,89,Student,"2010-07-22 08:23:18"
529,210,Critic,"2010-07-22 09:48:18"
530,223,Student,"2010-07-22 09:58:18"
531,268,Autobiographer,"2010-07-22 11:18:19"
532,267,Supporter,"2010-07-22 11:23:19"
533,268,Supporter,"2010-07-22 11:38:19"
534,266,Teacher,"2010-07-22 11:53:19"
535,266,Student,"2010-07-22 11:53:19"
537,62,Commentator,"2010-07-22 12:33:19"
538,223,Commentator,"2010-07-22 12:38:19"
539,223,Organizer,"2010-07-22 12:58:19"
540,267,Student,"2010-07-22 13:03:19"
541,223,Editor,"2010-07-22 13:08:19"
542,267,Editor,"2010-07-22 13:28:19"
543,266,Supporter,"2010-07-22 13:38:19"
544,214,Teacher,"2010-07-22 13:58:19"
545,190,Commentator,"2010-07-22 13:58:19"
547,33,Teacher,"2010-07-22 14:58:19"
548,199,Critic,"2010-07-22 14:58:19"
549,270,Supporter,"2010-07-22 15:13:19"
550,260,Supporter,"2010-07-22 15:18:19"
552,218,Teacher,"2010-07-22 16:08:19"
553,217,Self-Learner,"2010-07-22 16:08:19"
554,68,Editor,"2010-07-22 16:48:19"
555,53,Supporter,"2010-07-22 16:53:19"
556,18,Editor,"2010-07-22 17:33:19"
557,197,Supporter,"2010-07-22 17:33:19"
558,5,"Nice Question","2010-07-22 17:58:19"
559,219,Student,"2010-07-22 18:03:19"
562,247,Teacher,"2010-07-22 18:43:19"
564,270,Teacher,"2010-07-22 19:13:19"
565,88,Student,"2010-07-22 19:33:19"
566,35,Supporter,"2010-07-22 20:23:20"
567,92,Supporter,"2010-07-22 20:33:20"
568,92,Critic,"2010-07-22 20:33:20"
569,114,Scholar,"2010-07-22 21:08:20"
570,159,Scholar,"2010-07-23 01:48:25"
571,260,Editor,"2010-07-23 05:58:26"
572,174,Student,"2010-07-23 06:23:26"
573,159,Critic,"2010-07-23 09:53:25"
574,166,Scholar,"2010-07-23 11:33:26"
575,273,Editor,"2010-07-23 12:13:26"
576,273,Teacher,"2010-07-23 12:38:26"
577,222,Supporter,"2010-07-23 12:53:26"
578,69,Scholar,"2010-07-23 13:43:26"
579,133,Critic,"2010-07-23 13:53:26"
581,5,"Nice Question","2010-07-23 15:48:28"
582,77,Organizer,"2010-07-23 15:53:28"
583,5,Scholar,"2010-07-23 15:53:28"
584,174,Critic,"2010-07-23 16:03:28"
585,75,Scholar,"2010-07-23 16:13:28"
586,92,Teacher,"2010-07-23 17:58:28"
587,251,Student,"2010-07-23 18:23:28"
588,114,Editor,"2010-07-23 20:58:28"
589,159,Self-Learner,"2010-07-23 22:18:29"
590,22,Scholar,"2010-07-23 22:48:29"
591,99,Student,"2010-07-23 23:08:29"
592,7,Supporter,"2010-07-23 23:58:29"
593,159,Commentator,"2010-07-24 01:48:30"
594,61,Promoter,"2010-07-24 02:58:30"
595,240,Teacher,"2010-07-24 05:28:31"
596,190,Cleanup,"2010-07-24 09:58:32"
597,57,Organizer,"2010-07-24 09:58:33"
598,218,Editor,"2010-07-24 11:53:33"
599,246,Editor,"2010-07-24 16:58:33"
600,275,Autobiographer,"2010-07-24 17:48:33"
601,61,Editor,"2010-07-24 19:33:33"
602,240,Student,"2010-07-24 20:28:33"
603,276,Autobiographer,"2010-07-24 20:33:33"
604,30,Supporter,"2010-07-24 22:33:34"
605,165,Student,"2010-07-24 23:28:34"
606,54,Scholar,"2010-07-25 01:38:34"
607,30,Critic,"2010-07-25 01:48:34"
608,5,Disciplined,"2010-07-25 09:23:35"
609,165,Supporter,"2010-07-25 12:03:35"
610,165,Critic,"2010-07-25 12:03:36"
611,240,Editor,"2010-07-25 12:18:36"
612,240,Scholar,"2010-07-25 12:18:36"
613,165,Editor,"2010-07-25 12:23:36"
614,183,Critic,"2010-07-25 13:53:36"
615,133,Supporter,"2010-07-25 15:43:36"
616,40,Supporter,"2010-07-25 16:53:36"
617,107,Student,"2010-07-25 17:28:35"
618,25,Student,"2010-07-25 20:23:37"
619,90,Commentator,"2010-07-26 07:43:40"
620,219,Cleanup,"2010-07-26 10:38:41"
621,10,Teacher,"2010-07-26 14:53:41"
622,191,Scholar,"2010-07-26 14:53:41"
624,71,Organizer,"2010-07-26 15:13:41"
625,98,Supporter,"2010-07-26 15:33:41"
626,61,Student,"2010-07-26 15:38:41"
627,217,Organizer,"2010-07-26 16:58:42"
628,59,Editor,"2010-07-26 17:48:41"
629,223,Scholar,"2010-07-26 18:28:41"
630,74,Commentator,"2010-07-26 18:38:41"
631,281,Autobiographer,"2010-07-26 19:13:41"
632,282,Autobiographer,"2010-07-26 19:13:41"
633,283,Supporter,"2010-07-26 19:18:41"
634,291,Supporter,"2010-07-26 19:23:41"
635,292,Autobiographer,"2010-07-26 19:23:41"
636,293,Autobiographer,"2010-07-26 19:23:41"
637,297,Autobiographer,"2010-07-26 19:28:41"
638,7,Student,"2010-07-26 19:33:41"
639,297,Supporter,"2010-07-26 19:33:42"
640,302,Supporter,"2010-07-26 19:33:42"
641,301,Autobiographer,"2010-07-26 19:33:42"
642,288,Teacher,"2010-07-26 19:38:42"
643,302,Critic,"2010-07-26 19:38:42"
644,308,Autobiographer,"2010-07-26 19:38:42"
645,302,Teacher,"2010-07-26 19:43:42"
646,310,Autobiographer,"2010-07-26 19:43:42"
648,311,Autobiographer,"2010-07-26 19:48:42"
650,316,Autobiographer,"2010-07-26 19:48:42"
652,305,Editor,"2010-07-26 19:58:42"
653,319,Supporter,"2010-07-26 20:03:42"
654,320,Autobiographer,"2010-07-26 20:03:42"
655,68,Scholar,"2010-07-26 20:03:42"
656,319,Teacher,"2010-07-26 20:08:42"
658,236,Teacher,"2010-07-26 20:13:42"
659,280,Supporter,"2010-07-26 20:13:42"
660,284,Supporter,"2010-07-26 20:13:42"
661,325,Autobiographer,"2010-07-26 20:13:42"
662,326,Autobiographer,"2010-07-26 20:13:42"
663,159,"Nice Answer","2010-07-26 20:18:42"
665,190,"Citizen Patrol","2010-07-26 20:23:42"
667,329,Autobiographer,"2010-07-26 20:23:42"
668,327,Student,"2010-07-26 20:33:42"
669,334,Autobiographer,"2010-07-26 20:33:42"
670,334,Supporter,"2010-07-26 20:58:42"
671,339,Autobiographer,"2010-07-26 20:58:42"
672,340,Autobiographer,"2010-07-26 21:03:42"
673,288,Supporter,"2010-07-26 21:13:42"
674,344,Autobiographer,"2010-07-26 21:13:42"
675,279,Teacher,"2010-07-26 21:18:42"
676,346,Supporter,"2010-07-26 21:18:42"
677,346,Autobiographer,"2010-07-26 21:18:42"
678,351,Autobiographer,"2010-07-26 21:38:42"
679,71,Commentator,"2010-07-26 21:38:42"
680,353,Supporter,"2010-07-26 21:48:42"
681,354,Autobiographer,"2010-07-26 21:48:42"
682,305,"Peer Pressure","2010-07-26 22:03:42"
683,357,Autobiographer,"2010-07-26 22:08:42"
684,333,Student,"2010-07-26 22:23:42"
685,362,Autobiographer,"2010-07-26 22:38:42"
686,362,Critic,"2010-07-26 22:43:42"
687,72,Editor,"2010-07-26 22:53:42"
688,173,Scholar,"2010-07-26 23:23:42"
689,72,Student,"2010-07-26 23:28:42"
690,174,Scholar,"2010-07-27 00:08:42"
691,89,Commentator,"2010-07-27 00:13:43"
692,352,Teacher,"2010-07-27 00:28:43"
693,371,Autobiographer,"2010-07-27 00:28:43"
694,357,Supporter,"2010-07-27 00:33:43"
695,373,Autobiographer,"2010-07-27 00:48:43"
696,375,Autobiographer,"2010-07-27 01:33:43"
698,5,"Nice Answer","2010-07-27 01:48:43"
699,382,Autobiographer,"2010-07-27 01:53:43"
700,383,Autobiographer,"2010-07-27 01:58:43"
701,384,Autobiographer,"2010-07-27 02:03:43"
702,386,Autobiographer,"2010-07-27 02:08:43"
703,378,Teacher,"2010-07-27 02:13:43"
704,389,Supporter,"2010-07-27 02:28:43"
705,391,Autobiographer,"2010-07-27 02:38:44"
706,188,Teacher,"2010-07-27 02:43:44"
707,391,Supporter,"2010-07-27 02:43:44"
708,392,Supporter,"2010-07-27 02:48:44"
709,392,Autobiographer,"2010-07-27 02:48:44"
710,393,Autobiographer,"2010-07-27 02:48:44"
711,395,Autobiographer,"2010-07-27 02:58:44"
712,395,Supporter,"2010-07-27 03:03:44"
713,396,Autobiographer,"2010-07-27 03:03:44"
714,352,Supporter,"2010-07-27 03:13:44"
715,398,Autobiographer,"2010-07-27 03:13:44"
716,399,Autobiographer,"2010-07-27 03:23:44"
718,401,Autobiographer,"2010-07-27 03:38:44"
719,196,Promoter,"2010-07-27 05:18:44"
720,408,Autobiographer,"2010-07-27 05:38:44"
721,339,Supporter,"2010-07-27 06:13:44"
722,159,Cleanup,"2010-07-27 06:43:44"
723,410,Autobiographer,"2010-07-27 06:53:44"
724,411,Supporter,"2010-07-27 07:03:44"
725,412,Supporter,"2010-07-27 07:03:44"
726,411,Autobiographer,"2010-07-27 07:03:44"
727,412,Autobiographer,"2010-07-27 07:03:45"
728,88,"Nice Answer","2010-07-27 07:03:45"
729,413,Supporter,"2010-07-27 07:13:44"
730,413,Autobiographer,"2010-07-27 07:13:44"
731,414,Autobiographer,"2010-07-27 07:13:44"
732,223,Self-Learner,"2010-07-27 07:18:44"
734,417,Supporter,"2010-07-27 07:53:44"
735,424,Autobiographer,"2010-07-27 08:18:44"
736,426,Autobiographer,"2010-07-27 08:28:44"
737,432,Autobiographer,"2010-07-27 08:53:44"
738,435,Autobiographer,"2010-07-27 09:13:44"
739,5,Beta,"2010-07-27 09:13:44"
740,8,Beta,"2010-07-27 09:13:44"
741,13,Beta,"2010-07-27 09:13:44"
742,22,Beta,"2010-07-27 09:13:44"
743,23,Beta,"2010-07-27 09:13:44"
744,24,Beta,"2010-07-27 09:13:44"
745,25,Beta,"2010-07-27 09:13:44"
747,30,Beta,"2010-07-27 09:13:44"
748,36,Beta,"2010-07-27 09:13:44"
749,39,Beta,"2010-07-27 09:13:44"
750,41,Beta,"2010-07-27 09:13:44"
751,46,Beta,"2010-07-27 09:13:44"
752,54,Beta,"2010-07-27 09:13:44"
753,55,Beta,"2010-07-27 09:13:44"
754,56,Beta,"2010-07-27 09:13:45"
755,59,Beta,"2010-07-27 09:13:45"
756,61,Beta,"2010-07-27 09:13:45"
757,62,Beta,"2010-07-27 09:13:45"
758,68,Beta,"2010-07-27 09:13:45"
759,69,Beta,"2010-07-27 09:13:45"
760,71,Beta,"2010-07-27 09:13:45"
761,74,Beta,"2010-07-27 09:13:45"
762,80,Beta,"2010-07-27 09:13:45"
763,81,Beta,"2010-07-27 09:13:45"
764,87,Beta,"2010-07-27 09:13:45"
765,88,Beta,"2010-07-27 09:13:45"
766,89,Beta,"2010-07-27 09:13:45"
767,90,Beta,"2010-07-27 09:13:45"
768,114,Beta,"2010-07-27 09:13:45"
769,128,Beta,"2010-07-27 09:13:45"
770,142,Beta,"2010-07-27 09:13:46"
771,144,Beta,"2010-07-27 09:13:46"
772,154,Beta,"2010-07-27 09:13:46"
773,158,Beta,"2010-07-27 09:13:46"
774,159,Beta,"2010-07-27 09:13:46"
775,173,Beta,"2010-07-27 09:13:46"
776,174,Beta,"2010-07-27 09:13:46"
777,183,Beta,"2010-07-27 09:13:46"
778,187,Beta,"2010-07-27 09:13:46"
779,190,Beta,"2010-07-27 09:13:46"
780,191,Beta,"2010-07-27 09:13:47"
781,196,Beta,"2010-07-27 09:13:47"
782,199,Beta,"2010-07-27 09:13:47"
783,210,Beta,"2010-07-27 09:13:47"
784,211,Beta,"2010-07-27 09:13:47"
785,215,Beta,"2010-07-27 09:13:47"
786,217,Beta,"2010-07-27 09:13:47"
787,223,Beta,"2010-07-27 09:13:47"
788,226,Beta,"2010-07-27 09:13:47"
790,240,Beta,"2010-07-27 09:13:47"
791,247,Beta,"2010-07-27 09:13:47"
792,251,Beta,"2010-07-27 09:13:47"
793,252,Beta,"2010-07-27 09:13:47"
794,253,Beta,"2010-07-27 09:13:47"
795,256,Beta,"2010-07-27 09:13:47"
796,260,Beta,"2010-07-27 09:13:47"
797,266,Beta,"2010-07-27 09:13:47"
798,270,Beta,"2010-07-27 09:13:47"
799,127,Organizer,"2010-07-27 09:18:44"
800,434,Supporter,"2010-07-27 09:18:44"
801,339,Teacher,"2010-07-27 09:38:44"
803,438,Autobiographer,"2010-07-27 09:38:44"
804,127,Teacher,"2010-07-27 09:48:44"
806,438,Supporter,"2010-07-27 09:58:44"
807,441,Autobiographer,"2010-07-27 09:58:44"
808,442,Teacher,"2010-07-27 10:33:44"
809,59,Teacher,"2010-07-27 10:53:44"
810,59,Scholar,"2010-07-27 10:58:44"
811,444,Autobiographer,"2010-07-27 11:08:44"
812,203,Supporter,"2010-07-27 11:28:44"
813,438,Teacher,"2010-07-27 11:43:44"
814,449,Teacher,"2010-07-27 12:18:44"
815,442,Editor,"2010-07-27 12:33:44"
816,130,Student,"2010-07-27 12:38:44"
817,447,Editor,"2010-07-27 12:43:44"
818,452,Autobiographer,"2010-07-27 12:53:44"
819,455,Autobiographer,"2010-07-27 12:53:44"
820,455,Supporter,"2010-07-27 12:58:44"
821,457,Autobiographer,"2010-07-27 12:58:44"
822,159,"Nice Answer","2010-07-27 12:58:44"
823,460,Autobiographer,"2010-07-27 13:13:44"
824,461,Supporter,"2010-07-27 13:18:44"
825,462,Autobiographer,"2010-07-27 13:18:44"
826,460,Student,"2010-07-27 13:23:44"
827,445,Student,"2010-07-27 13:28:44"
828,447,Teacher,"2010-07-27 13:33:44"
829,334,Teacher,"2010-07-27 13:38:44"
831,465,Autobiographer,"2010-07-27 13:48:44"
832,460,Scholar,"2010-07-27 13:53:44"
833,463,Student,"2010-07-27 13:58:44"
834,172,Teacher,"2010-07-27 14:03:44"
835,467,Supporter,"2010-07-27 14:13:44"
836,434,Teacher,"2010-07-27 14:18:44"
837,460,Teacher,"2010-07-27 14:18:44"
838,442,Supporter,"2010-07-27 14:18:44"
839,460,Editor,"2010-07-27 14:23:44"
840,447,Supporter,"2010-07-27 14:23:44"
841,460,Supporter,"2010-07-27 14:28:44"
842,468,Autobiographer,"2010-07-27 14:38:44"
843,339,Editor,"2010-07-27 14:48:44"
844,469,Supporter,"2010-07-27 14:53:44"
845,469,Autobiographer,"2010-07-27 14:53:44"
846,472,Autobiographer,"2010-07-27 15:03:44"
848,247,Commentator,"2010-07-27 15:08:45"
849,247,Scholar,"2010-07-27 15:13:44"
851,463,Supporter,"2010-07-27 15:28:44"
852,476,Student,"2010-07-27 15:33:44"
853,257,Teacher,"2010-07-27 15:38:44"
854,483,Autobiographer,"2010-07-27 15:43:44"
855,266,Scholar,"2010-07-27 15:48:44"
857,367,Teacher,"2010-07-27 16:13:44"
858,292,Supporter,"2010-07-27 16:13:45"
859,488,Autobiographer,"2010-07-27 16:23:45"
860,368,Teacher,"2010-07-27 16:38:44"
862,300,Teacher,"2010-07-27 16:43:44"
863,488,Editor,"2010-07-27 17:08:44"
864,492,Autobiographer,"2010-07-27 17:13:44"
865,491,Teacher,"2010-07-27 17:18:44"
866,493,Supporter,"2010-07-27 17:18:45"
867,488,Supporter,"2010-07-27 17:23:44"
868,494,Teacher,"2010-07-27 17:28:44"
869,279,Supporter,"2010-07-27 17:28:44"
870,480,Scholar,"2010-07-27 17:28:44"
871,495,Teacher,"2010-07-27 17:58:44"
872,319,"Nice Answer","2010-07-27 17:58:45"
874,292,Critic,"2010-07-27 18:08:45"
875,480,Student,"2010-07-27 18:38:44"
876,30,Student,"2010-07-27 18:43:44"
877,172,Editor,"2010-07-27 19:13:45"
878,504,Autobiographer,"2010-07-27 19:13:45"
879,485,Editor,"2010-07-27 19:28:45"
880,503,Student,"2010-07-27 19:38:45"
881,498,Student,"2010-07-27 19:53:46"
882,8,Organizer,"2010-07-27 19:53:46"
883,506,Autobiographer,"2010-07-27 19:53:46"
885,509,Autobiographer,"2010-07-27 20:28:47"
886,509,Supporter,"2010-07-27 20:33:46"
887,18,Scholar,"2010-07-27 20:38:46"
888,506,Editor,"2010-07-27 20:43:46"
889,333,Supporter,"2010-07-27 20:43:46"
890,333,Scholar,"2010-07-27 20:43:47"
892,510,Autobiographer,"2010-07-27 21:03:46"
893,512,Autobiographer,"2010-07-27 21:13:46"
894,445,Autobiographer,"2010-07-27 21:18:46"
895,279,Critic,"2010-07-27 22:08:47"
896,511,Teacher,"2010-07-27 22:13:47"
897,516,Autobiographer,"2010-07-27 22:48:47"
898,517,Autobiographer,"2010-07-27 22:48:47"
899,481,Teacher,"2010-07-27 22:53:47"
900,501,Scholar,"2010-07-27 23:03:47"
901,520,Autobiographer,"2010-07-27 23:53:47"
902,506,Student,"2010-07-27 23:58:47"
903,520,Supporter,"2010-07-27 23:58:47"
904,30,Scholar,"2010-07-28 00:08:47"
905,257,Supporter,"2010-07-28 01:03:48"
906,401,Teacher,"2010-07-28 01:18:50"
907,455,Student,"2010-07-28 01:28:52"
908,524,Autobiographer,"2010-07-28 01:33:52"
909,364,Teacher,"2010-07-28 01:48:52"
910,287,Supporter,"2010-07-28 01:48:52"
911,292,Student,"2010-07-28 02:43:53"
912,527,Autobiographer,"2010-07-28 03:53:54"
913,529,Autobiographer,"2010-07-28 04:38:54"
914,251,Scholar,"2010-07-28 04:38:54"
915,501,Editor,"2010-07-28 05:23:54"
916,163,Teacher,"2010-07-28 06:18:54"
917,531,Student,"2010-07-28 06:38:54"
918,530,Teacher,"2010-07-28 06:43:54"
919,520,Student,"2010-07-28 06:53:54"
920,163,Supporter,"2010-07-28 07:13:54"
921,34,Editor,"2010-07-28 07:58:54"
922,539,Supporter,"2010-07-28 09:33:54"
923,368,Supporter,"2010-07-28 09:38:54"
924,81,"Nice Answer","2010-07-28 09:38:54"
925,476,Scholar,"2010-07-28 10:03:54"
926,482,Teacher,"2010-07-28 10:08:54"
927,541,Student,"2010-07-28 10:08:54"
928,81,Critic,"2010-07-28 10:08:54"
929,542,Autobiographer,"2010-07-28 10:08:54"
930,495,Editor,"2010-07-28 11:38:54"
931,445,Supporter,"2010-07-28 11:38:54"
932,543,Autobiographer,"2010-07-28 11:43:54"
933,488,Scholar,"2010-07-28 12:18:54"
934,546,Autobiographer,"2010-07-28 12:43:53"
935,546,Supporter,"2010-07-28 12:53:53"
936,547,Autobiographer,"2010-07-28 12:53:53"
938,247,Editor,"2010-07-28 13:13:54"
939,247,Critic,"2010-07-28 13:13:54"
940,439,Teacher,"2010-07-28 13:18:53"
941,546,"Peer Pressure","2010-07-28 13:33:53"
942,547,Student,"2010-07-28 14:03:54"
943,527,Supporter,"2010-07-28 14:18:54"
944,452,Supporter,"2010-07-28 14:23:54"
945,549,Teacher,"2010-07-28 14:33:53"
946,284,Student,"2010-07-28 14:43:54"
947,553,Autobiographer,"2010-07-28 14:53:54"
949,442,Autobiographer,"2010-07-28 15:28:54"
950,556,Autobiographer,"2010-07-28 15:28:54"
951,174,Commentator,"2010-07-28 16:03:54"
952,486,Supporter,"2010-07-28 16:23:54"
953,287,Teacher,"2010-07-28 16:43:54"
954,215,Scholar,"2010-07-28 16:53:54"
955,445,Scholar,"2010-07-28 16:58:54"
956,559,Autobiographer,"2010-07-28 17:08:54"
957,559,Student,"2010-07-28 17:28:54"
959,287,Editor,"2010-07-28 17:53:55"
961,520,Scholar,"2010-07-28 18:03:55"
962,319,Student,"2010-07-28 18:18:55"
963,511,Editor,"2010-07-28 18:38:55"
964,85,Scholar,"2010-07-28 19:08:55"
965,89,Scholar,"2010-07-28 19:13:55"
966,560,Student,"2010-07-28 19:23:55"
967,564,Autobiographer,"2010-07-28 19:23:55"
968,559,Scholar,"2010-07-28 19:23:55"
969,511,Supporter,"2010-07-28 19:43:55"
970,495,Supporter,"2010-07-28 21:08:55"
971,485,Supporter,"2010-07-28 22:18:56"
972,223,"Nice Question","2010-07-28 22:23:56"
973,511,Student,"2010-07-28 23:08:56"
975,573,Autobiographer,"2010-07-28 23:58:56"
978,575,Autobiographer,"2010-07-29 00:48:56"
979,561,Teacher,"2010-07-29 01:48:59"
981,577,Autobiographer,"2010-07-29 01:58:59"
982,74,"Nice Question","2010-07-29 01:58:59"
983,578,Autobiographer,"2010-07-29 02:23:59"
984,183,Scholar,"2010-07-29 02:23:59"
985,513,Student,"2010-07-29 02:28:59"
986,30,Editor,"2010-07-29 02:48:59"
989,582,Autobiographer,"2010-07-29 06:39:01"
990,582,Supporter,"2010-07-29 06:44:01"
992,586,Autobiographer,"2010-07-29 09:49:05"
993,438,Editor,"2010-07-29 10:34:05"
994,589,Autobiographer,"2010-07-29 11:19:05"
995,590,Autobiographer,"2010-07-29 11:49:05"
996,566,Teacher,"2010-07-29 11:54:05"
997,438,Student,"2010-07-29 11:54:05"
998,582,Student,"2010-07-29 11:54:05"
999,591,Autobiographer,"2010-07-29 12:19:05"
1000,593,Autobiographer,"2010-07-29 12:49:05"
1001,594,Autobiographer,"2010-07-29 12:54:05"
1002,57,Teacher,"2010-07-29 13:04:05"
1003,596,Autobiographer,"2010-07-29 13:24:06"
1004,566,Supporter,"2010-07-29 13:34:05"
1007,419,Teacher,"2010-07-29 16:04:08"
1008,582,Scholar,"2010-07-29 16:09:10"
1009,99,Scholar,"2010-07-29 16:29:10"
1010,317,Teacher,"2010-07-29 17:14:10"
1011,503,Scholar,"2010-07-29 17:19:10"
1012,606,Autobiographer,"2010-07-29 17:59:10"
1013,506,Teacher,"2010-07-29 18:09:10"
1014,559,Supporter,"2010-07-29 18:09:10"
1015,549,Supporter,"2010-07-29 18:49:10"
1016,608,Student,"2010-07-29 18:59:10"
1017,315,Teacher,"2010-07-29 20:04:10"
1018,506,Supporter,"2010-07-29 20:49:10"
1019,613,Autobiographer,"2010-07-29 21:09:10"
1020,482,Autobiographer,"2010-07-29 21:34:10"
1021,614,Teacher,"2010-07-29 22:29:14"
1022,438,Scholar,"2010-07-29 23:34:23"
1023,615,Autobiographer,"2010-07-29 23:59:23"
1024,11,Teacher,"2010-07-30 02:49:23"
1025,25,Editor,"2010-07-30 03:49:24"
1027,614,Student,"2010-07-30 08:49:28"
1028,618,Autobiographer,"2010-07-30 08:54:28"
1029,531,Teacher,"2010-07-30 09:14:28"
1030,108,Student,"2010-07-30 11:49:31"
1031,66,Organizer,"2010-07-30 11:49:31"
1032,614,Supporter,"2010-07-30 13:49:31"
1033,168,Editor,"2010-07-30 15:19:32"
1034,168,Student,"2010-07-30 16:49:32"
1036,92,Editor,"2010-07-30 19:09:32"
1037,25,Autobiographer,"2010-07-30 19:24:32"
1038,453,Student,"2010-07-30 19:59:32"
1039,284,Scholar,"2010-07-30 19:59:32"
1041,626,Autobiographer,"2010-07-30 21:19:33"
1042,461,Editor,"2010-07-31 00:24:33"
1043,629,Autobiographer,"2010-07-31 03:44:34"
1044,541,"Nice Question","2010-07-31 05:24:35"
1046,603,Teacher,"2010-07-31 10:39:37"
1047,364,Supporter,"2010-07-31 10:39:37"
1048,631,Autobiographer,"2010-07-31 11:24:37"
1049,446,Supporter,"2010-07-31 13:04:37"
1050,339,Student,"2010-07-31 14:54:42"
1051,353,Student,"2010-07-31 15:04:42"
1052,632,Supporter,"2010-07-31 15:34:43"
1053,190,Self-Learner,"2010-07-31 15:39:43"
1054,601,Teacher,"2010-07-31 17:54:43"
1055,353,Scholar,"2010-07-31 18:19:43"
1057,493,Editor,"2010-07-31 19:09:43"
1058,493,Teacher,"2010-07-31 19:29:43"
1059,634,Student,"2010-07-31 21:44:49"
1060,87,Critic,"2010-08-01 02:54:53"
1061,638,Teacher,"2010-08-01 03:19:53"
1062,251,Commentator,"2010-08-01 03:19:53"
1063,640,Autobiographer,"2010-08-01 09:14:54"
1064,89,"Nice Question","2010-08-01 09:59:54"
1065,339,Scholar,"2010-08-01 10:09:54"
1066,123,Supporter,"2010-08-01 10:29:54"
1067,87,Commentator,"2010-08-01 10:34:54"
1068,282,Supporter,"2010-08-01 11:24:55"
1069,603,Editor,"2010-08-01 12:04:55"
1070,642,Student,"2010-08-01 12:29:55"
1071,642,Editor,"2010-08-01 12:34:55"
1072,643,Autobiographer,"2010-08-01 13:24:55"
1073,72,Scholar,"2010-08-01 14:14:55"
1074,643,Teacher,"2010-08-01 14:44:55"
1075,642,Scholar,"2010-08-01 14:44:55"
1077,643,Supporter,"2010-08-01 16:39:55"
1078,368,Student,"2010-08-01 16:49:55"
1079,39,Organizer,"2010-08-01 16:49:55"
