Id,CreationDate,PostId,RelatedPostId,LinkTypeId
108,"2010-07-21 14:47:33",395,173,1
145,"2010-07-23 16:30:41",548,539,1
217,"2010-07-26 20:12:15",375,30,1
263,"2010-07-27 16:00:22",769,31,1
264,"2010-07-27 16:00:22",769,6,1
272,"2010-07-27 17:19:27",790,298,1
281,"2010-07-27 23:22:51",715,7,1
338,"2010-07-28 19:36:09",834,577,1
360,"2010-07-29 19:01:22",614,170,1
478,"2010-08-01 12:08:34",222,213,1
479,"2010-08-01 12:08:34",222,146,1
558,"2010-08-04 11:21:07",886,6,1
559,"2010-08-04 11:21:07",886,372,1
583,"2010-08-04 15:57:30",1205,856,1
587,"2010-08-04 22:37:49",1194,6,1
661,"2010-08-09 10:49:46",1289,53,1
668,"2010-08-09 12:45:05",1437,1289,1
681,"2010-08-10 01:27:11",1385,1268,1
716,"2010-08-11 14:06:20",1501,7,1
717,"2010-08-11 14:06:20",1501,973,1
726,"2010-08-11 14:59:38",1207,1142,1
737,"2010-08-11 18:57:07",1536,1052,1
740,"2010-08-11 20:39:16",1521,6,1
754,"2010-08-12 07:09:59",1413,1583,1
776,"2010-08-12 15:18:28",1583,1412,1
781,"2010-08-12 18:12:39",1272,47,1
831,"2010-08-13 11:42:08",672,22,1
836,"2010-08-13 17:42:32",1601,1444,1
837,"2010-08-13 17:42:32",1601,1386,1
855,"2010-08-14 23:07:11",1580,1149,1
875,"2010-08-16 18:27:32",1749,1123,1
880,"2010-08-17 05:27:03",396,257,1
895,"2010-08-17 21:28:16",1780,124,1
901,"2010-08-18 12:41:14",887,841,1
909,"2010-08-18 16:19:04",1813,575,1
914,"2010-08-18 21:49:36",1454,899,1
939,"2010-08-21 18:18:12",1352,1815,1
955,"2010-08-22 14:07:19",1955,1645,1
1006,"2010-08-25 06:02:31",924,920,1
1068,"2010-08-26 15:40:23",2093,1687,1
1069,"2010-08-26 15:40:23",2093,1112,1
1073,"2010-08-27 06:56:54",2149,1709,1
1082,"2010-08-27 10:41:43",2086,1961,1
1083,"2010-08-27 10:41:43",2086,539,1
1095,"2010-08-27 15:15:50",2154,1228,1
1131,"2010-08-29 12:04:51",490,880,1
1134,"2010-08-29 17:15:22",2140,1169,1
1135,"2010-08-29 19:18:56",2067,2024,1
1140,"2010-08-30 13:44:51",354,118,1
1143,"2010-08-30 15:02:01",145,7,1
1153,"2010-08-31 14:23:30",2171,224,1
1154,"2010-08-31 14:23:30",2171,216,1
1156,"2010-08-31 17:12:55",2223,1963,1
1169,"2010-09-01 11:31:31",1676,73,1
1210,"2010-09-01 17:15:29",2282,1676,1
1211,"2010-09-01 17:15:29",2282,2269,1
1224,"2010-09-02 07:13:57",880,490,1
1283,"2010-09-06 11:41:43",2401,2374,1
1307,"2010-09-06 18:57:27",2385,1289,1
8809,"2010-09-07 22:20:44",2410,1292,1
10783,"2010-09-08 06:40:30",2423,414,1
17469,"2010-09-10 10:48:47",26,118,1
18942,"2010-09-10 19:50:39",652,421,1
22399,"2010-09-12 15:48:10",2476,369,1
23659,"2010-09-13 09:18:19",2597,183,1
26940,"2010-09-14 14:13:03",1223,1142,1
28839,"2010-09-15 16:53:28",1799,859,1
28840,"2010-09-15 16:53:28",1799,1324,1
29591,"2010-09-15 22:20:18",1995,1799,1
30954,"2010-09-16 12:31:55",2670,665,1
31174,"2010-09-16 14:17:36",1460,1444,1
32441,"2010-09-16 23:06:06",1016,577,1
33045,"2010-09-17 06:40:34",2742,1812,1
34666,"2010-09-17 21:30:52",2602,2516,1
34884,"2010-09-18 02:43:41",1761,485,1
35150,"2010-09-18 08:21:24",2245,534,1
36817,"2010-09-19 09:28:15",2787,276,1
36818,"2010-09-19 09:28:15",2787,166,1
36867,"2010-09-19 09:34:20",1815,1352,1
36868,"2010-09-19 09:34:20",1815,2770,1
38448,"2010-09-19 23:57:17",2248,203,1
38449,"2010-09-19 23:57:17",2248,10,1
38533,"2010-09-20 00:29:57",195,411,1
38800,"2010-09-20 04:14:54",2615,2572,1
39025,"2010-09-20 07:19:51",2846,2597,1
41963,"2010-09-21 09:22:29",2894,1807,1
42256,"2010-09-21 12:01:49",2892,2860,1
42257,"2010-09-21 12:01:49",2892,2572,1
45213,"2010-09-22 19:57:07",2938,2918,1
46450,"2010-09-23 14:00:53",485,414,1
46451,"2010-09-23 14:00:53",485,1761,1
48587,"2010-09-24 20:03:19",3061,3062,1
48709,"2010-09-24 22:08:31",2828,1826,1
49737,"2010-09-26 04:18:22",1001,411,1
51512,"2010-09-27 09:27:46",3091,1995,1
51513,"2010-09-27 09:27:46",3091,2628,1
54696,"2010-09-29 04:14:33",3100,2966,1
56446,"2010-09-30 10:00:33",3167,257,1
56522,"2010-09-30 11:01:26",3156,2639,1
59018,"2010-10-01 06:50:47",3201,1848,1
59019,"2010-10-01 06:50:47",3201,2689,1
59020,"2010-10-01 06:50:47",3201,1,1
59021,"2010-10-01 06:50:47",3201,2563,1
60212,"2010-10-01 23:13:10",3038,305,1
60213,"2010-10-01 23:13:10",3038,726,1
60286,"2010-10-02 00:22:45",3207,2917,1
60919,"2010-10-02 17:02:16",534,36,1
62187,"2010-10-03 16:58:24",3276,2957,1
63529,"2010-10-04 17:03:03",3286,1001,1
64695,"2010-10-05 10:46:46",3270,3287,1
65209,"2010-10-05 15:27:47",3338,3286,1
65383,"2010-10-05 18:08:48",1904,1906,1
65866,"2010-10-05 23:09:37",2291,369,1
66354,"2010-10-06 14:00:18",3359,2066,1
66575,"2010-10-06 17:05:16",203,10,1
67211,"2010-10-07 01:33:23",3238,2777,1
67212,"2010-10-07 01:33:23",3238,3331,1
67552,"2010-10-07 08:27:38",3244,2956,1
67842,"2010-10-07 11:40:47",2910,2768,1
68036,"2010-10-07 14:21:18",3369,1576,1
68037,"2010-10-07 14:21:18",3369,2742,1
68038,"2010-10-07 14:21:18",3369,612,1
68409,"2010-10-07 17:42:22",3200,1016,1
68410,"2010-10-07 17:42:22",3200,3252,1
68438,"2010-10-07 17:48:50",3331,2777,1
68439,"2010-10-07 17:48:50",3331,3238,1
68816,"2010-10-07 22:07:29",3333,2483,1
69573,"2010-10-08 13:04:25",3392,3244,1
69793,"2010-10-08 16:25:56",3287,3270,1
70012,"2010-10-08 20:11:54",3395,3199,1
70711,"2010-10-09 14:21:03",346,3372,1
71072,"2010-10-09 19:06:14",134,3372,1
71553,"2010-10-10 06:27:50",138,75,1
72473,"2010-10-10 19:36:49",2197,1385,1
74418,"2010-10-12 09:49:10",3460,1980,1
74639,"2010-10-12 13:03:05",3458,2306,1
74640,"2010-10-12 13:03:05",3458,2410,1
74930,"2010-10-12 16:05:37",1062,1045,1
76682,"2010-10-13 14:20:45",3526,1133,1
78440,"2010-10-14 09:00:32",1441,1430,1
79545,"2010-10-14 19:09:39",3599,3561,1
80174,"2010-10-15 06:16:17",3586,359,1
80535,"2010-10-15 12:27:40",3549,3561,1
80633,"2010-10-15 14:41:18",3589,328,1
80923,"2010-10-15 16:34:25",3383,2067,1
81335,"2010-10-15 19:15:43",3324,563,1
81650,"2010-10-15 20:56:50",1610,22,1
82884,"2010-10-17 07:46:22",3542,3158,1
83998,"2010-10-18 07:17:51",3661,1015,1
83999,"2010-10-18 07:17:51",3661,527,1
85270,"2010-10-18 21:01:49",3685,2597,1
86097,"2010-10-19 06:44:37",1224,499,1
86853,"2010-10-19 12:15:32",973,7,1
86903,"2010-10-19 12:39:51",3194,30,1
87342,"2010-10-19 15:02:42",3713,3685,1
87463,"2010-10-19 15:38:38",499,3200,1
87464,"2010-10-19 15:38:38",499,3252,1
87465,"2010-10-19 15:39:26",3101,685,1
88210,"2010-10-19 20:11:33",3746,213,1
88211,"2010-10-19 20:11:33",3746,2493,1
89036,"2010-10-20 07:14:44",1015,3661,1
89037,"2010-10-20 07:14:44",1015,3539,1
90125,"2010-10-20 15:51:18",3752,3556,1
90394,"2010-10-20 17:34:06",3762,1015,1
91229,"2010-10-20 22:08:02",3810,539,1
91230,"2010-10-20 22:08:02",3810,548,1
91231,"2010-10-20 22:08:24",3704,3653,1
92603,"2010-10-21 13:06:39",3463,3115,1
92604,"2010-10-21 13:06:39",3463,1881,1
92726,"2010-10-21 14:19:36",3556,3752,1
92801,"2010-10-21 15:08:19",3845,3708,1
94250,"2010-10-22 07:59:16",3822,3672,1
95316,"2010-10-22 16:08:30",3069,1595,1
95485,"2010-10-22 17:04:53",3814,3460,1
95486,"2010-10-22 17:04:53",3814,499,1
95584,"2010-10-22 18:08:58",3879,3842,1
96141,"2010-10-23 01:35:01",1337,423,1
96168,"2010-10-23 02:40:22",3818,206,1
97223,"2010-10-23 21:20:45",3734,643,1
97538,"2010-10-24 05:13:12",3911,1611,1
98127,"2010-10-24 15:40:58",3926,575,1
98128,"2010-10-24 15:40:58",3926,1266,1
98157,"2010-10-24 15:57:33",3943,3730,1
98752,"2010-10-24 23:15:48",3958,3,1
98753,"2010-10-24 23:15:48",3958,73,1
98754,"2010-10-24 23:15:48",3958,1676,1
100255,"2010-10-26 06:40:40",2032,652,1
100497,"2010-10-26 09:16:23",1576,612,1
100498,"2010-10-26 09:16:23",1576,2742,1
100499,"2010-10-26 09:16:23",1576,3369,1
101352,"2010-10-26 16:52:18",3893,3252,1
101476,"2010-10-26 18:29:36",3907,3611,1
101669,"2010-10-26 20:57:01",3999,2691,1
101936,"2010-10-27 07:47:44",4013,665,1
102009,"2010-10-27 09:13:38",4009,1015,1
102058,"2010-10-27 10:02:57",3989,4017,1
104677,"2010-10-31 22:06:31",4093,222,1
106296,"2010-11-02 19:53:28",4142,4146,1
106602,"2010-11-03 09:09:57",4150,899,1
112612,"2010-11-04 20:10:51",2576,2401,1
116088,"2010-11-05 13:26:28",4172,859,1
122839,"2010-11-07 21:23:52",4298,4220,1
122840,"2010-11-07 21:23:52",4298,3316,1
123791,"2010-11-08 13:03:59",4312,4175,1
124142,"2010-11-08 17:07:23",4175,4312,1
126543,"2010-11-09 20:19:21",4364,4354,1
126569,"2010-11-09 20:20:10",4354,4364,1
131345,"2010-11-12 01:05:10",4466,1980,1
131371,"2010-11-12 01:06:02",1980,4466,1
132522,"2010-11-12 18:35:44",4485,3207,1
132523,"2010-11-12 18:35:44",4485,2917,1
134924,"2010-11-15 00:04:47",4500,4530,1
136400,"2010-11-16 01:24:41",4568,4539,1
136426,"2010-11-16 01:27:37",4569,939,1
137577,"2010-11-17 02:04:27",4606,4298,1
142554,"2010-11-19 12:53:56",4708,2492,1
142955,"2010-11-19 18:55:37",4734,1576,1
143731,"2010-11-20 07:22:34",4753,4267,1
148507,"2010-11-23 22:12:47",4839,3270,1
149433,"2010-11-24 08:17:17",4854,4272,1
149909,"2010-11-24 15:23:39",4877,138,1
151785,"2010-11-26 02:28:34",4914,834,1
151811,"2010-11-26 02:38:57",4914,577,1
151812,"2010-11-26 02:49:02",4914,3392,1
153113,"2010-11-26 20:40:10",4949,4942,1
153839,"2010-11-27 21:53:19",118,354,1
154340,"2010-11-28 16:10:35",4970,4766,1
156886,"2010-11-30 11:26:15",5026,1521,1
156887,"2010-11-30 11:26:15",5026,6,1
159238,"2010-12-02 10:32:08",5078,1797,1
160039,"2010-12-03 05:23:38",5097,5093,1
168040,"2010-12-06 10:30:50",5181,5107,1
170516,"2010-12-06 21:08:37",5191,5011,1
175642,"2010-12-08 10:43:56",5249,5238,1
175668,"2010-12-08 10:44:32",5238,5249,1
180594,"2010-12-09 18:55:54",5306,3702,1
181695,"2010-12-10 10:45:21",5333,5171,1
182821,"2010-12-10 20:34:45",5359,1576,1
185122,"2010-12-12 08:57:36",5382,1848,1
189248,"2010-12-14 03:00:55",5450,5184,1
189774,"2010-12-14 12:01:50",5465,4768,1
190875,"2010-12-14 21:37:07",4991,2149,1
191901,"2010-12-15 16:18:49",5517,152,1
193027,"2010-12-16 01:07:58",5542,1,1
193228,"2010-12-16 03:31:59",5542,5181,1
195354,"2010-12-17 02:04:31",5560,3194,1
195380,"2010-12-17 05:14:00",5572,3466,1
199681,"2010-12-20 08:12:15",5591,1164,1
203933,"2010-12-22 19:16:53",5700,2432,1
204934,"2010-12-23 16:59:38",4172,527,1
206110,"2010-12-24 09:22:15",5724,4334,1
208111,"2010-12-26 00:13:23",5750,5747,1
208962,"2010-12-26 20:51:31",5728,4830,1
213138,"2010-12-30 15:28:18",5819,4220,1
214739,"2010-12-31 13:17:04",4551,5808,1
217790,"2011-01-03 13:13:27",5912,2234,1
218142,"2011-01-03 15:39:49",5912,6,1
218418,"2011-01-03 19:02:13",5918,2306,1
227119,"2011-01-06 14:09:13",6033,5700,1
229245,"2011-01-07 01:23:05",6050,5360,1
231296,"2011-01-07 17:01:57",6066,6050,1
231322,"2011-01-07 17:27:20",6063,4551,1
233298,"2011-01-08 11:26:07",6081,2492,1
233299,"2011-01-08 11:26:07",6081,2824,1
235025,"2011-01-09 00:52:24",6093,421,1
240104,"2011-01-10 20:55:33",6139,5750,1
240605,"2011-01-10 23:23:45",6147,5504,1
242507,"2011-01-11 20:39:46",6169,3921,1
246510,"2011-01-13 16:56:51",6226,5686,1
246936,"2011-01-13 19:34:53",6219,6039,1
247062,"2011-01-13 20:38:45",6234,3158,1
247213,"2011-01-13 22:33:59",6151,3006,1
248389,"2011-01-14 12:51:06",6234,4211,1
248665,"2011-01-14 15:07:52",6243,6096,1
255817,"2011-01-18 12:42:18",6302,6268,1
255868,"2011-01-18 13:45:26",6337,6127,1
256019,"2011-01-18 15:08:22",6342,6337,1
258145,"2011-01-19 14:03:26",6353,2619,1
258646,"2011-01-19 18:21:32",6379,5171,1
259772,"2011-01-20 03:11:20",6400,6308,1
260323,"2011-01-20 11:14:39",6355,6314,1
261149,"2011-01-20 22:36:35",6418,6358,1
261475,"2011-01-21 03:00:17",6421,1883,1
262101,"2011-01-21 16:05:37",6433,5347,1
263953,"2011-01-22 19:55:55",6454,3652,1
265604,"2011-01-23 21:02:17",6475,5617,1
266830,"2011-01-24 09:14:21",6478,5443,1
267056,"2011-01-24 13:23:25",6487,4030,1
268357,"2011-01-25 07:17:08",6499,5782,1
269533,"2011-01-25 19:03:49",6538,414,1
269759,"2011-01-25 20:19:06",1875,2275,1
272210,"2011-01-26 23:48:06",6599,5196,1
272286,"2011-01-27 03:57:02",6601,155,1
272512,"2011-01-27 10:46:55",6604,4517,1
273064,"2011-01-27 16:41:24",2272,2182,1
273990,"2011-01-28 03:21:31",6652,2356,1
274591,"2011-01-28 13:42:10",2641,665,1
274592,"2011-01-28 13:49:56",6664,5700,1
274968,"2011-01-28 21:58:45",6670,168,1
276844,"2011-01-30 23:25:45",2356,6493,1
277470,"2011-01-31 15:02:49",6652,1525,1
277496,"2011-01-31 16:41:29",6753,798,1
277572,"2011-01-31 17:09:40",6753,5573,1
278798,"2011-02-02 05:37:39",2356,2272,1
279749,"2011-02-03 03:21:25",6814,1028,1
279950,"2011-02-03 08:54:35",6807,6780,1
280001,"2011-02-03 10:08:29",2742,6575,1
280202,"2011-02-03 15:32:19",6840,6814,1
281653,"2011-02-04 12:53:22",4350,2981,1
282204,"2011-02-04 15:33:38",6883,6856,1
282255,"2011-02-04 15:41:18",6867,5504,1
282331,"2011-02-04 17:22:27",6876,6807,1
283507,"2011-02-06 23:43:55",6943,3890,1
283783,"2011-02-07 07:21:00",6950,6856,1
283784,"2011-02-07 07:21:00",6950,1812,1
284385,"2011-02-07 18:09:35",6966,1164,1
284411,"2011-02-07 18:20:53",6967,6856,1
284887,"2011-02-08 02:24:03",6976,1980,1
284963,"2011-02-08 04:09:23",6978,6920,1
287515,"2011-02-10 12:45:49",2492,7022,1
287591,"2011-02-10 15:02:28",2492,2516,1
288492,"2011-02-11 04:46:23",6225,3038,1
288619,"2011-02-11 07:49:36",7074,6455,1
288670,"2011-02-11 09:09:36",7084,7022,1
288671,"2011-02-11 09:09:36",7084,2,1
288672,"2011-02-11 09:09:36",7084,2492,1
290023,"2011-02-12 09:00:13",7100,4239,1
290049,"2011-02-12 12:45:45",7112,6478,1
290725,"2011-02-13 09:11:20",7110,812,1
291076,"2011-02-13 19:04:24",7152,1444,1
291077,"2011-02-13 19:30:44",7155,213,1
291078,"2011-02-13 19:30:44",7155,1444,1
291079,"2011-02-13 19:34:36",7153,2770,1
291930,"2011-02-14 08:29:00",7190,4023,1
291931,"2011-02-14 08:32:27",7139,2245,1
292882,"2011-02-15 00:38:53",7225,2121,1
294059,"2011-02-15 18:50:27",7258,7209,1
295635,"2011-02-16 18:01:53",7293,2615,1
295811,"2011-02-16 20:04:50",7307,2547,1
295887,"2011-02-16 21:18:23",7313,7115,1
295913,"2011-02-16 21:19:21",7115,7313,1
296539,"2011-02-17 13:19:55",1432,1412,1
297015,"2011-02-17 17:54:43",7336,3532,1
297066,"2011-02-17 18:18:42",7268,980,1
300143,"2011-02-20 22:12:41",7426,7040,1
301369,"2011-02-21 13:51:50",7450,6780,1
302320,"2011-02-22 02:53:29",7476,2917,1
303321,"2011-02-22 15:52:50",7505,4884,1
304047,"2011-02-23 02:08:14",7476,7426,1
305448,"2011-02-24 00:34:36",7528,7426,1
306149,"2011-02-24 12:43:41",7546,5344,1
306175,"2011-02-24 13:20:24",7521,6330,1
307227,"2011-02-25 11:02:47",7610,3458,1
307478,"2011-02-25 16:28:35",7613,2467,1
307729,"2011-02-25 22:48:52",7638,3623,1
307880,"2011-02-26 01:51:47",7637,3614,1
311781,"2011-02-26 15:05:54",4383,4239,1
319107,"2011-02-26 23:25:15",7668,6795,1
321258,"2011-02-27 03:38:48",6907,7630,1
321259,"2011-02-27 03:43:49",7630,6907,1
327210,"2011-02-27 14:09:22",7675,3874,1
346836,"2011-03-01 03:31:36",7732,7727,1
358039,"2011-03-03 11:33:50",7742,4978,1
358590,"2011-03-03 17:01:31",7829,6763,1
359916,"2011-03-04 07:43:57",7865,7319,1
360117,"2011-03-04 11:46:01",7813,256,1
360293,"2011-03-04 15:52:46",7845,798,1
360294,"2011-03-04 15:58:39",7845,4810,1
360495,"2011-03-04 19:06:54",5733,7515,1
362647,"2011-03-05 22:02:07",7912,7630,1
362648,"2011-03-05 22:02:07",7912,6907,1
362974,"2011-03-06 09:29:10",7923,203,1
362975,"2011-03-06 09:56:37",7919,4612,1
365051,"2011-03-07 16:00:55",7815,2516,1
365052,"2011-03-07 16:01:39",2516,7815,1
365053,"2011-03-07 16:05:24",7959,346,1
367429,"2011-03-08 15:34:34",8021,7977,1
367530,"2011-03-08 16:31:51",8025,1773,1
368081,"2011-03-08 20:28:23",8033,5504,1
368157,"2011-03-08 21:08:20",8029,5913,1
369233,"2011-03-09 12:14:53",8071,3730,1
369759,"2011-03-09 17:09:01",8063,3730,1
370960,"2011-03-10 10:39:31",8103,7258,1
372637,"2011-03-11 10:29:29",8147,5347,1
373613,"2011-03-11 18:50:29",8168,2910,1
373864,"2011-03-11 21:25:18",8159,5026,1
374090,"2011-03-12 00:04:39",8185,7975,1
374316,"2011-03-12 05:41:45",8180,2469,1
374517,"2011-03-12 09:27:27",8196,8192,1
375168,"2011-03-12 19:01:35",8185,7376,1
375344,"2011-03-12 20:42:56",8196,7853,1
375745,"2011-03-13 06:24:56",7853,8196,1
376121,"2011-03-13 12:15:29",8225,138,1
376522,"2011-03-13 15:25:27",8239,8232,1
376548,"2011-03-13 15:26:27",8232,8239,1
376574,"2011-03-13 15:41:33",8239,1761,1
377100,"2011-03-13 22:57:55",8246,5534,1
377726,"2011-03-14 11:35:52",8237,5135,1
379403,"2011-03-15 05:44:31",8299,2828,1
379829,"2011-03-15 09:55:29",8300,5750,1
380555,"2011-03-15 15:07:21",8321,4099,1
380581,"2011-03-15 15:38:39",8321,8237,1
381257,"2011-03-15 22:12:37",8328,6364,1
381633,"2011-03-16 03:52:18",7996,8340,1
382734,"2011-03-16 16:01:28",8340,7996,1
382860,"2011-03-16 16:17:24",8358,8187,1
383486,"2011-03-16 22:54:57",8377,652,1
383512,"2011-03-17 00:22:58",8377,170,1
383688,"2011-03-17 02:56:04",8157,8021,1
383814,"2011-03-17 04:05:18",8335,8358,1
385890,"2011-03-18 00:09:34",8380,7772,1
386716,"2011-03-18 11:36:48",8347,8419,1
387743,"2011-03-19 00:23:09",8470,8419,1
387994,"2011-03-19 04:38:15",8446,7542,1
388020,"2011-03-19 04:48:23",8470,4220,1
388521,"2011-03-19 12:37:55",8483,3386,1
389222,"2011-03-20 00:47:40",8455,2906,1
389723,"2011-03-20 10:52:52",8511,3559,1
390274,"2011-03-20 21:25:51",8524,5171,1
390575,"2011-03-21 05:56:28",8557,8513,1
390576,"2011-03-21 07:48:30",8559,8236,1
392452,"2011-03-22 06:18:34",8581,485,1
392478,"2011-03-22 07:10:57",8586,841,1
392479,"2011-03-22 07:36:39",8604,3400,1
392505,"2011-03-22 07:39:48",8566,7813,1
392656,"2011-03-22 09:17:06",8614,7238,1
392758,"2011-03-22 11:18:37",8617,8358,1
393811,"2011-03-22 23:34:52",8634,7630,1
393812,"2011-03-22 23:34:52",8634,6907,1
394663,"2011-03-23 11:27:58",8661,4832,1
398667,"2011-03-25 14:57:27",8769,3947,1
398918,"2011-03-25 17:42:03",8777,1708,1
399319,"2011-03-26 01:07:46",8784,8718,1
400020,"2011-03-26 16:01:56",8799,8797,1
400796,"2011-03-27 02:11:59",8791,6498,1
401072,"2011-03-27 09:09:00",7430,8104,1
401073,"2011-03-27 09:09:00",7430,8477,1
404049,"2011-03-28 15:37:13",8877,8846,1
404050,"2011-03-28 15:37:13",8877,3634,1
410701,"2011-03-29 13:38:45",8891,6195,1
419927,"2011-03-30 10:41:18",8956,10,1
419928,"2011-03-30 10:41:18",8956,8071,1
419929,"2011-03-30 10:41:18",8956,3730,1
421655,"2011-03-30 14:09:37",8960,8662,1
426956,"2011-03-30 23:00:02",8972,1399,1
427407,"2011-03-30 23:49:42",8987,8899,1
432659,"2011-03-31 14:35:59",9009,1444,1
432660,"2011-03-31 14:35:59",9009,298,1
434586,"2011-03-31 19:03:44",6498,8955,1
435137,"2011-03-31 20:17:46",8036,7467,1
435688,"2011-03-31 22:01:16",9020,7419,1
435914,"2011-03-31 22:47:40",9022,4364,1
437015,"2011-04-01 03:04:21",9027,8502,1
442842,"2011-04-01 16:52:54",9050,2086,1
443668,"2011-04-01 19:29:44",9050,8370,1
447319,"2011-04-02 10:20:17",9074,8370,1
447320,"2011-04-02 10:20:17",9074,7419,1
447396,"2011-04-02 10:27:54",9074,6890,1
448922,"2011-04-02 16:43:58",9062,8774,1
450198,"2011-04-03 01:32:41",5690,6601,1
457826,"2011-04-05 13:11:14",9192,5918,1
458678,"2011-04-05 18:00:41",9213,8742,1
458679,"2011-04-05 18:02:10",9215,1521,1
461880,"2011-04-06 14:41:20",9201,6127,1
462431,"2011-04-06 19:25:10",9278,5092,1
462632,"2011-04-06 20:54:39",9280,9131,1
465408,"2011-04-07 17:12:29",9292,8570,1
465910,"2011-04-07 21:51:47",9327,486,1
466386,"2011-04-08 02:45:29",9333,8586,1
470738,"2011-04-09 14:27:41",9381,9208,1
470789,"2011-04-09 15:24:45",9383,8025,1
471390,"2011-04-09 23:26:11",9377,9396,1
472091,"2011-04-10 09:40:46",2715,8844,1
472617,"2011-04-10 15:07:34",9311,4,1
472618,"2011-04-10 15:09:11",4,9311,1
474519,"2011-04-11 14:59:51",9435,9040,1
474520,"2011-04-11 15:04:34",9427,4220,1
476146,"2011-04-12 04:16:34",9454,203,1
476672,"2011-04-12 07:48:54",9464,4756,1
476698,"2011-04-12 08:21:07",9467,9341,1
476724,"2011-04-12 08:22:27",9341,9467,1
476875,"2011-04-12 10:15:16",9449,6309,1
477351,"2011-04-12 15:23:59",9475,3331,1
477352,"2011-04-12 15:23:59",9475,2777,1
477353,"2011-04-12 15:23:59",9475,3238,1
477629,"2011-04-12 17:30:25",9478,8285,1
477630,"2011-04-12 17:33:03",9478,1112,1
477681,"2011-04-12 18:37:37",6309,9464,1
480132,"2011-04-13 17:28:34",9510,5347,1
481283,"2011-04-14 05:58:16",9544,9341,1
481659,"2011-04-14 10:55:13",9536,7,1
482486,"2011-04-14 18:52:28",8007,7531,1
482862,"2011-04-15 01:36:14",9501,7200,1
483263,"2011-04-15 07:02:48",9573,2492,1
483264,"2011-04-15 07:23:36",9573,1386,1
483790,"2011-04-15 15:13:59",9587,9508,1
487966,"2011-04-18 09:28:33",9667,6275,1
488717,"2011-04-18 16:56:18",9691,9629,1
489093,"2011-04-18 19:23:29",9691,1133,1
489144,"2011-04-18 19:29:21",9691,9685,1
491671,"2011-04-19 18:46:18",9759,5344,1
491722,"2011-04-19 20:00:02",9759,8689,1
493123,"2011-04-20 14:35:07",9775,6005,1
494824,"2011-04-21 05:57:58",9795,9398,1
495825,"2011-04-21 16:31:04",9835,9809,1
496076,"2011-04-21 18:53:01",9841,9797,1
496802,"2011-04-22 02:51:35",9852,8918,1
498103,"2011-04-22 12:58:02",9842,8000,1
498679,"2011-04-22 20:15:55",9871,9590,1
500980,"2011-04-24 07:30:16",9920,4009,1
502881,"2011-04-25 12:57:28",9852,1149,1
505207,"2011-04-26 11:49:10",9987,9573,1
505208,"2011-04-26 11:49:10",9987,7155,1
505334,"2011-04-26 14:11:36",9972,9358,1
506310,"2011-04-27 00:16:30",10013,4030,1
506311,"2011-04-27 00:16:30",10013,6487,1
508012,"2011-04-27 18:37:22",10049,9398,1
508413,"2011-04-27 19:58:29",10055,10005,1
508739,"2011-04-27 21:48:04",10005,10055,1
510390,"2011-04-28 08:39:20",10078,9068,1
511866,"2011-04-28 15:08:53",10088,2597,1
513417,"2011-04-28 19:12:57",10088,9016,1
513418,"2011-04-28 19:12:57",10088,3685,1
513419,"2011-04-28 19:12:57",10088,3713,1
514720,"2011-04-28 22:32:35",10086,30,1
514746,"2011-04-28 22:34:06",10086,40,1
514772,"2011-04-28 22:43:01",10117,242,1
518398,"2011-04-29 06:24:13",10137,10079,1
522676,"2011-04-29 21:17:42",10155,9330,1
526352,"2011-04-30 08:01:48",10162,8000,1
526353,"2011-04-30 08:01:48",10162,9842,1
527254,"2011-04-30 09:41:13",10169,9685,1
533130,"2011-05-01 09:28:25",10191,5617,1
535831,"2011-05-01 20:05:45",10213,8485,1
539957,"2011-05-02 08:14:02",10230,2597,1
542008,"2011-05-02 13:50:01",10238,10030,1
542934,"2011-05-02 16:01:55",10180,9735,1
546285,"2011-05-03 13:18:18",9735,2356,1
547886,"2011-05-03 20:40:19",10121,2746,1
548137,"2011-05-03 22:22:27",10295,9885,1
548163,"2011-05-03 22:35:12",10289,9137,1
548164,"2011-05-03 22:35:55",10289,9358,1
549065,"2011-05-04 15:15:26",10316,3628,1
549066,"2011-05-04 15:15:26",10316,8106,1
549067,"2011-05-04 15:15:26",10316,6740,1
550493,"2011-05-05 05:59:48",10337,5782,1
550794,"2011-05-05 08:11:02",10343,3931,1
551145,"2011-05-05 10:03:20",10347,6890,1
551421,"2011-05-05 12:55:00",10355,7902,1
553347,"2011-05-06 07:33:55",10377,2910,1
554848,"2011-05-06 17:17:52",10425,8807,1
556099,"2011-05-07 01:29:55",10450,10121,1
556850,"2011-05-07 13:59:28",10463,8130,1
565551,"2011-05-10 12:20:59",10539,7959,1
568302,"2011-05-10 17:07:25",8738,10604,1
568303,"2011-05-10 17:09:25",10604,8738,1
568529,"2011-05-10 17:29:14",10608,3458,1
569905,"2011-05-10 20:23:43",10619,10594,1
570006,"2011-05-10 20:50:05",9299,277,1
571982,"2011-05-11 01:15:29",10631,10363,1
573833,"2011-05-11 12:29:47",73,1676,1
576234,"2011-05-11 22:48:58",10669,7815,1
577160,"2011-05-12 05:15:58",10687,534,1
581836,"2011-05-13 07:23:23",10727,5782,1
582488,"2011-05-13 12:43:23",7815,10363,1
589789,"2011-05-16 13:12:29",10838,8243,1
590190,"2011-05-16 14:46:24",10856,6304,1
594018,"2011-05-18 05:06:40",10926,5206,1
594369,"2011-05-18 07:45:35",10928,10613,1
596723,"2011-05-19 10:43:13",10964,2230,1
596974,"2011-05-19 13:00:42",10953,6127,1
597275,"2011-05-19 15:12:34",10964,10789,1
597776,"2011-05-19 17:12:26",10981,9220,1
598127,"2011-05-19 20:27:22",10977,5081,1
598853,"2011-05-20 02:47:18",2230,10964,1
599604,"2011-05-20 09:38:45",11019,10387,1
599830,"2011-05-20 13:46:26",11033,2335,1
600456,"2011-05-20 19:34:15",11049,213,1
600832,"2011-05-20 22:33:43",11000,6731,1
602058,"2011-05-21 15:28:19",11009,10510,1
603834,"2011-05-22 14:21:45",11079,11113,1
605210,"2011-05-23 01:59:04",11141,11123,1
605411,"2011-05-23 05:03:41",11145,534,1
605412,"2011-05-23 05:03:41",11145,3400,1
606663,"2011-05-23 20:19:22",11165,8662,1
607589,"2011-05-24 07:58:08",11178,8661,1
608391,"2011-05-24 16:16:55",11186,2432,1
608842,"2011-05-24 21:57:38",11210,9664,1
610218,"2011-05-25 13:44:31",11232,6350,1
610219,"2011-05-25 13:44:31",11232,1637,1
610220,"2011-05-25 13:44:31",11232,6127,1
610221,"2011-05-25 13:44:31",11232,10953,1
610322,"2011-05-25 16:02:58",11220,173,1
611398,"2011-05-26 05:17:11",11259,11256,1
612274,"2011-05-26 12:38:04",11270,8300,1
614200,"2011-05-27 11:00:36",206,539,1
616126,"2011-05-28 13:54:27",11328,11079,1
616127,"2011-05-28 13:54:27",11328,11113,1
621328,"2011-05-29 21:17:11",11351,11315,1
626704,"2011-05-30 17:33:37",11277,4445,1
629780,"2011-05-30 21:18:00",11375,11009,1
631306,"2011-05-31 00:43:27",11381,4713,1
636657,"2011-05-31 21:06:46",11411,3115,1
636758,"2011-05-31 22:03:47",11412,11381,1
637384,"2011-06-01 00:47:09",11413,8738,1
638585,"2011-06-01 07:59:59",11418,9739,1
640787,"2011-06-01 15:57:19",11433,11420,1
641013,"2011-06-01 16:42:07",11436,6314,1
641039,"2011-06-01 16:44:04",6314,11436,1
643290,"2011-06-02 03:13:02",11458,10947,1
646416,"2011-06-02 15:46:52",11370,11448,1
648842,"2011-06-03 05:22:22",11459,3466,1
650193,"2011-06-03 14:08:38",11500,9358,1
652144,"2011-06-04 04:23:06",11543,2547,1
655545,"2011-06-05 07:23:53",11582,11548,1
656121,"2011-06-05 12:00:28",11590,3559,1
656747,"2011-06-05 14:44:56",11595,11182,1
658798,"2011-06-05 22:41:40",11609,6652,1
662224,"2011-06-06 18:52:21",9693,2379,1
663025,"2011-06-07 03:17:45",11650,11102,1
664051,"2011-06-07 12:11:32",11662,10347,1
665177,"2011-06-07 20:20:56",11659,7467,1
665328,"2011-06-07 22:31:07",11687,6481,1
665929,"2011-06-08 04:41:37",11680,577,1
666405,"2011-06-08 09:26:26",11691,9671,1
666506,"2011-06-08 10:00:12",11703,11182,1
667132,"2011-06-08 12:56:10",11703,11595,1
667208,"2011-06-08 13:02:51",11713,11628,1
668259,"2011-06-08 16:13:48",11722,10407,1
668535,"2011-06-08 18:57:51",11609,22,1
670586,"2011-06-09 07:32:00",11746,8071,1
670587,"2011-06-09 07:32:00",11746,3730,1
670988,"2011-06-09 09:30:59",11749,11414,1
675664,"2011-06-10 07:27:42",11769,22,1
684491,"2011-06-11 20:25:39",11833,2691,1
684492,"2011-06-11 20:29:32",11836,3650,1
687118,"2011-06-12 16:26:08",11609,2356,1
694594,"2011-06-14 13:31:35",11899,5502,1
694595,"2011-06-14 13:31:35",11899,11372,1
694771,"2011-06-14 14:18:57",11899,3006,1
694972,"2011-06-14 16:07:12",11628,11713,1
695098,"2011-06-14 17:17:59",11359,11436,1
700150,"2011-06-15 23:05:30",11959,1576,1
701351,"2011-06-16 09:25:12",11960,11717,1
701377,"2011-06-16 09:32:23",11971,9605,1
703428,"2011-06-16 21:59:53",11980,11887,1
703954,"2011-06-17 03:56:40",12021,1562,1
704805,"2011-06-17 11:13:19",12028,73,1
704806,"2011-06-17 11:14:03",12029,11892,1
704857,"2011-06-17 11:15:23",11892,12029,1
705158,"2011-06-17 13:15:15",12026,8000,1
706634,"2011-06-18 01:08:55",12053,11887,1
707560,"2011-06-18 12:11:41",12067,11887,1
708412,"2011-06-18 20:16:29",12080,4454,1
708563,"2011-06-18 21:16:08",12054,9131,1
710264,"2011-06-19 14:27:47",11450,8696,1
712115,"2011-06-20 07:06:07",12118,11887,1
716366,"2011-06-21 16:18:35",10236,10356,1
719792,"2011-06-22 19:54:54",12231,12151,1
719868,"2011-06-22 20:23:16",12225,2492,1
721969,"2011-06-23 14:46:30",12262,11351,1
721995,"2011-06-23 14:54:12",12283,5542,1
721996,"2011-06-23 14:54:12",12283,1,1
722172,"2011-06-23 16:12:06",12258,10981,1
725023,"2011-06-24 16:26:57",12305,12164,1
725399,"2011-06-24 19:02:36",12321,11609,1
725575,"2011-06-24 20:39:48",7351,2272,1
728451,"2011-06-26 06:44:56",12353,10251,1
729577,"2011-06-26 17:50:38",12365,11812,1
732555,"2011-06-27 18:19:27",12410,9131,1
733306,"2011-06-27 20:40:22",12421,4689,1
734057,"2011-06-28 06:17:21",12425,6599,1
734058,"2011-06-28 06:17:21",12425,10387,1
734134,"2011-06-28 06:46:46",12415,3539,1
737610,"2011-06-29 01:32:42",12180,12134,1
738436,"2011-06-29 06:55:36",12461,31,1
738437,"2011-06-29 06:55:36",12461,9557,1
739413,"2011-06-29 10:17:45",12466,7211,1
740189,"2011-06-29 12:49:23",12469,7527,1
743665,"2011-06-30 03:16:15",12498,1207,1
744591,"2011-06-30 07:18:55",12495,9342,1
748943,"2011-06-30 21:49:38",12512,12521,1
749044,"2011-06-30 22:23:45",12521,1622,1
751270,"2011-07-01 08:40:34",10540,1475,1
753046,"2011-07-01 16:00:44",12549,10975,1
758823,"2011-07-02 21:01:52",12582,12498,1
761924,"2011-07-03 15:08:30",12590,9535,1
762500,"2011-07-03 17:55:49",12597,3589,1
765701,"2011-07-04 10:30:39",12612,5347,1
766227,"2011-07-04 12:10:33",12611,2948,1
769130,"2011-07-04 22:52:05",12643,575,1
769881,"2011-07-05 03:06:08",12641,577,1
773132,"2011-07-05 19:31:37",12665,6309,1
776033,"2011-07-06 11:33:36",12700,2476,1
776084,"2011-07-06 11:44:12",12702,9947,1
777610,"2011-07-06 16:15:25",12710,8358,1
777636,"2011-07-06 16:18:50",12710,11917,1
777637,"2011-07-06 16:18:50",12710,8187,1
780588,"2011-07-07 06:14:31",12753,9503,1
782214,"2011-07-07 13:51:39",12763,213,1
784515,"2011-07-08 03:07:15",12790,12587,1
784516,"2011-07-08 03:07:15",12790,12453,1
784542,"2011-07-08 03:08:03",12587,12453,1
789768,"2011-07-09 09:57:43",12816,11149,1
790469,"2011-07-09 17:11:05",12768,12814,1
791495,"2011-07-09 22:26:18",5604,12748,1
791996,"2011-07-09 22:35:44",12854,10079,1
793322,"2011-07-10 12:07:53",12826,12864,1
797424,"2011-07-11 06:39:44",12881,12495,1
798625,"2011-07-11 11:12:39",12885,12712,1
799851,"2011-07-11 16:03:23",12884,9807,1
800177,"2011-07-11 17:14:37",12900,6181,1
800478,"2011-07-11 17:36:48",12902,12222,1
801379,"2011-07-11 20:19:34",12913,11650,1
802055,"2011-07-11 22:44:28",12913,4211,1
809807,"2011-07-13 10:56:56",12958,12410,1
811258,"2011-07-13 17:48:58",12993,11209,1
811784,"2011-07-13 19:59:07",7185,12993,1
811785,"2011-07-13 19:59:07",7185,11209,1
813236,"2011-07-14 03:52:51",13015,13011,1
813962,"2011-07-14 07:47:10",13023,7853,1
814563,"2011-07-14 10:31:48",13023,13022,1
814764,"2011-07-14 11:39:37",12962,12955,1
817115,"2011-07-14 23:46:58",12140,4356,1
818916,"2011-07-15 12:07:02",13089,3967,1
819067,"2011-07-15 12:55:06",13091,12993,1
820368,"2011-07-15 18:44:24",13112,12797,1
824369,"2011-07-16 23:27:54",13142,13056,1
829471,"2011-07-18 07:32:50",13159,2002,1
830647,"2011-07-18 14:29:05",13194,3947,1
831348,"2011-07-18 16:59:56",13204,11368,1
831399,"2011-07-18 17:18:42",13204,5747,1
831850,"2011-07-18 20:29:35",13206,6358,1
832576,"2011-07-18 23:20:54",13220,12960,1
832578,"2011-07-18 23:35:54",12960,13220,1
833679,"2011-07-19 07:05:14",13196,13166,1
834080,"2011-07-19 09:41:08",13199,4884,1
834156,"2011-07-19 10:32:58",13241,11209,1
834932,"2011-07-19 14:34:21",13215,12797,1
834933,"2011-07-19 14:34:21",13215,13112,1
835184,"2011-07-19 15:10:39",9016,1475,1
835510,"2011-07-19 16:28:31",13252,13206,1
836661,"2011-07-19 21:36:04",13275,4220,1
836687,"2011-07-19 21:47:02",13260,170,1
838113,"2011-07-20 12:35:13",11797,13296,1
838164,"2011-07-20 12:59:13",13131,1475,1
838840,"2011-07-20 16:50:47",13301,12262,1
838891,"2011-07-20 17:17:56",13301,11315,1
838892,"2011-07-20 17:17:56",13301,11351,1
839118,"2011-07-20 19:12:30",13300,2245,1
839119,"2011-07-20 19:12:30",13300,534,1
839496,"2011-07-20 20:47:35",13314,13266,1
840747,"2011-07-21 07:19:58",13326,1047,1
841648,"2011-07-21 12:47:43",13335,10608,1
842149,"2011-07-21 16:12:59",13342,13054,1
842150,"2011-07-21 16:18:03",13335,10387,1
844701,"2011-07-22 13:47:52",13371,13314,1
846402,"2011-07-22 21:11:00",13389,322,1
851503,"2011-07-25 02:28:15",13442,2777,1
853105,"2011-07-25 14:54:43",13456,726,1
853531,"2011-07-25 16:50:44",13470,13352,1
853782,"2011-07-25 18:05:42",13474,13259,1
854208,"2011-07-25 20:03:09",13475,13433,1
854535,"2011-07-25 21:49:21",13471,13446,1
858386,"2011-07-26 23:50:36",13528,13306,1
858887,"2011-07-27 05:13:14",13496,3640,1
860738,"2011-07-27 13:43:46",13550,2691,1
860839,"2011-07-27 14:34:38",13550,13152,1
861015,"2011-07-27 16:17:06",13556,13259,1
861691,"2011-07-27 18:41:57",13532,9898,1
865867,"2011-07-28 18:51:16",13586,11018,1
868393,"2011-07-29 07:32:52",13612,8485,1
868394,"2011-07-29 07:32:52",13612,414,1
869320,"2011-07-29 10:18:28",13620,13550,1
871421,"2011-07-29 16:26:30",13623,3,1
875122,"2011-07-30 12:08:56",13638,13636,1
876123,"2011-07-30 18:25:01",13650,3294,1
876249,"2011-07-30 18:59:41",13655,2272,1
881401,"2011-07-31 19:39:18",13655,6652,1
881402,"2011-07-31 19:39:18",13655,3911,1
881403,"2011-07-31 19:39:18",13655,11609,1
881404,"2011-07-31 19:39:18",13655,2356,1
882255,"2011-07-31 23:45:58",13686,4551,1
882306,"2011-07-31 23:57:27",13687,631,1
887683,"2011-08-01 17:50:34",13211,13721,1
887684,"2011-08-01 17:56:20",13721,13211,1
888660,"2011-08-01 20:44:17",13729,10517,1
891561,"2011-08-02 12:35:16",13747,12888,1
896288,"2011-08-03 08:09:10",13757,10,1
896964,"2011-08-03 10:22:32",13797,12461,1
898090,"2011-08-03 15:03:41",13690,7200,1
898091,"2011-08-03 15:03:41",13690,9501,1
898417,"2011-08-03 16:07:01",13810,5750,1
900068,"2011-08-03 22:52:09",13784,13166,1
900319,"2011-08-03 23:48:58",13805,10382,1
900445,"2011-08-04 00:27:28",13805,13757,1
901346,"2011-08-04 05:49:20",13833,13757,1
901347,"2011-08-04 05:49:20",13833,13805,1
904848,"2011-08-04 19:00:02",13867,9801,1
905274,"2011-08-04 20:20:44",13869,7357,1
905325,"2011-08-04 20:22:08",13543,13518,1
906101,"2011-08-05 01:24:39",13853,13757,1
906102,"2011-08-05 01:24:39",13853,13805,1
906103,"2011-08-05 01:24:39",13853,13833,1
906579,"2011-08-05 06:07:07",13873,12495,1
912335,"2011-08-06 10:09:29",13935,11516,1
912736,"2011-08-06 13:12:34",13936,13902,1
913562,"2011-08-06 17:54:49",13939,12137,1
920192,"2011-08-08 11:03:49",13981,1444,1
921168,"2011-08-08 14:19:58",3689,9429,1
921169,"2011-08-08 14:29:29",13989,13636,1
921370,"2011-08-08 16:04:39",13983,2492,1
925372,"2011-08-09 13:28:59",13984,12873,1
925398,"2011-08-09 13:37:38",14034,10001,1
927999,"2011-08-10 01:38:44",14067,4551,1
931550,"2011-08-10 17:49:20",14095,726,1
932201,"2011-08-10 20:31:11",14108,7048,1
935202,"2011-08-11 08:55:45",14078,14088,1
935403,"2011-08-11 09:23:13",14140,7402,1
935529,"2011-08-11 10:08:11",14078,575,1
935805,"2011-08-11 10:50:14",14147,9477,1
936181,"2011-08-11 12:47:08",14088,14078,1
938432,"2011-08-11 20:10:10",14168,14158,1
941983,"2011-08-12 15:25:13",14177,423,1
942159,"2011-08-12 16:06:33",14187,12484,1
942560,"2011-08-12 17:50:24",13784,14088,1
946861,"2011-08-13 18:55:11",14226,1805,1
950037,"2011-08-14 14:46:54",14219,10001,1
954388,"2011-08-15 14:00:38",14280,2275,1
955289,"2011-08-15 19:59:33",14301,3194,1
957290,"2011-08-16 06:21:28",14270,7869,1
959366,"2011-08-16 16:11:41",14351,14237,1
963142,"2011-08-17 09:57:17",14392,2894,1
966719,"2011-08-17 23:30:33",14434,4834,1
967395,"2011-08-18 04:20:44",14437,14351,1
968496,"2011-08-18 09:54:46",14444,2356,1
969297,"2011-08-18 13:12:24",14457,14269,1
971098,"2011-08-18 20:30:22",1321,14351,1
972349,"2011-08-19 05:27:14",14500,3549,1
974601,"2011-08-19 18:29:33",14516,11602,1
982881,"2011-08-21 19:45:23",14585,13314,1
982882,"2011-08-21 19:45:23",14585,2245,1
982933,"2011-08-21 20:04:44",14595,124,1
984209,"2011-08-22 02:10:55",13497,8662,1
985510,"2011-08-22 09:34:42",14620,14480,1
986361,"2011-08-22 12:52:48",14634,3559,1
986612,"2011-08-22 14:13:02",14402,14634,1
986763,"2011-08-22 15:35:31",14588,1385,1
988489,"2011-08-23 00:31:46",14664,14449,1
989865,"2011-08-23 09:01:41",14686,14643,1
992292,"2011-08-23 21:38:51",14616,14546,1
992293,"2011-08-23 21:40:08",14719,14721,1
994944,"2011-08-24 12:59:41",14752,9859,1
995295,"2011-08-24 13:43:00",14752,7308,1
995996,"2011-08-24 17:13:44",14762,14355,1
997097,"2011-08-24 23:19:20",14781,14691,1
999748,"2011-08-25 14:59:04",14571,6,1
1000474,"2011-08-25 18:56:33",14812,8505,1
1000750,"2011-08-25 20:23:22",14819,2410,1
1001626,"2011-08-26 01:24:58",14830,6225,1
1008428,"2011-08-28 01:24:26",14872,14842,1
1011279,"2011-08-28 18:29:43",14856,14219,1
1015005,"2011-08-29 13:10:43",14928,8237,1
1015006,"2011-08-29 13:10:43",14928,3549,1
1015132,"2011-08-29 14:14:11",14910,14898,1
1015358,"2011-08-29 14:53:00",14889,14916,1
1016459,"2011-08-29 19:20:50",14947,14088,1
1018935,"2011-08-30 11:31:58",14966,14500,1
1025486,"2011-08-31 11:59:54",15011,13382,1
1026462,"2011-08-31 15:47:36",15021,13902,1
1028013,"2011-08-31 20:53:00",575,14088,1
1030789,"2011-09-01 08:00:03",15052,9735,1
1030815,"2011-09-01 08:14:03",15052,22,1
1030816,"2011-09-01 08:14:03",15052,6652,1
1030817,"2011-09-01 08:14:03",15052,2272,1
1033743,"2011-09-01 18:59:02",15076,124,1
1036469,"2011-09-02 08:42:39",15102,14088,1
1036995,"2011-09-02 10:12:14",15100,14072,1
1037471,"2011-09-02 12:48:53",13739,13548,1
1037547,"2011-09-02 13:44:42",15021,8019,1
1037623,"2011-09-02 14:13:33",15113,15021,1
1043524,"2011-09-03 15:04:21",15154,15076,1
1044750,"2011-09-03 21:00:10",15164,13977,1
1049477,"2011-09-04 19:51:58",8447,15160,1
1051903,"2011-09-05 07:31:08",15202,15141,1
1051929,"2011-09-05 07:32:58",15141,15202,1
1053330,"2011-09-05 12:34:33",15207,13197,1
1053656,"2011-09-05 13:16:04",15208,12546,1
1055432,"2011-09-05 19:02:22",15224,961,1
1056008,"2011-09-05 21:21:51",15224,14226,1
1060284,"2011-09-06 19:33:01",15076,10001,1
1060735,"2011-09-06 21:40:25",15266,12251,1
1060736,"2011-09-06 21:46:24",12251,9071,1
1060837,"2011-09-06 22:20:30",13952,13853,1
1062038,"2011-09-07 06:43:57",12251,15266,1
1063764,"2011-09-07 15:12:52",15285,15281,1
1065790,"2011-09-07 22:32:04",15278,7208,1
1065791,"2011-09-07 22:32:04",15278,3539,1
1065792,"2011-09-07 22:32:04",15278,12415,1
1066793,"2011-09-08 03:40:43",15283,5750,1
1069044,"2011-09-08 13:27:09",15323,15197,1
1069270,"2011-09-08 14:03:22",15326,13909,1
1069296,"2011-09-08 14:20:00",15329,1844,1
1069422,"2011-09-08 14:57:28",15333,15285,1
1072198,"2011-09-09 06:01:29",15338,97,1
1073099,"2011-09-09 11:30:39",15361,11887,1
1074475,"2011-09-09 16:45:51",15368,1324,1
1080551,"2011-09-10 20:23:59",13329,2121,1
1083852,"2011-09-11 16:18:19",15427,15211,1
1093231,"2011-09-13 14:06:42",15502,2748,1
1093782,"2011-09-13 16:24:19",15510,10234,1
1096633,"2011-09-14 08:59:57",15526,14088,1
1097084,"2011-09-14 11:25:20",15530,6498,1
1098935,"2011-09-14 18:49:11",15552,14500,1
1100286,"2011-09-15 00:24:11",15567,11381,1
1100287,"2011-09-15 00:24:11",15567,8844,1
1100288,"2011-09-15 00:24:11",15567,11609,1
1101464,"2011-09-15 05:53:25",15567,4756,1
1104065,"2011-09-15 16:08:04",15392,13314,1
1104266,"2011-09-15 16:42:45",15581,11659,1
1104492,"2011-09-15 17:12:49",15597,7975,1
1104718,"2011-09-15 18:48:54",15606,15597,1
1105119,"2011-09-15 20:45:50",15584,9718,1
1107345,"2011-09-16 07:15:21",15635,8148,1
1107396,"2011-09-16 07:35:03",15635,15287,1
1108297,"2011-09-16 09:52:13",15514,726,1
1108423,"2011-09-16 10:30:38",15621,577,1
1109425,"2011-09-16 14:30:07",15651,7975,1
1109576,"2011-09-16 15:04:10",15649,15598,1
1109852,"2011-09-16 15:50:59",15651,15322,1
1109853,"2011-09-16 15:50:59",15651,15501,1
1110079,"2011-09-16 16:30:42",15662,15021,1
1110855,"2011-09-16 20:04:01",15670,138,1
1110856,"2011-09-16 20:04:01",15670,75,1
1113057,"2011-09-17 09:27:06",15651,13314,1
1116633,"2011-09-18 08:06:19",15710,7308,1
1116984,"2011-09-18 10:47:44",15701,15716,1
1117260,"2011-09-18 12:36:19",15711,7004,1
1121761,"2011-09-19 11:21:41",15740,11659,1
1121937,"2011-09-19 12:31:30",15713,15104,1
1122688,"2011-09-19 15:36:01",15713,298,1
1125314,"2011-09-20 07:23:50",15596,8225,1
1125640,"2011-09-20 08:32:34",15784,14399,1
1129641,"2011-09-21 00:12:53",15649,8956,1
1130692,"2011-09-21 08:00:03",15794,15168,1
1132243,"2011-09-21 15:10:45",15784,4445,1
1132594,"2011-09-21 17:23:44",15853,173,1
1134145,"2011-09-22 01:33:37",15853,15770,1
1134596,"2011-09-22 05:11:35",15888,5542,1
1137847,"2011-09-22 16:57:33",173,15809,1
1140098,"2011-09-23 05:06:31",15841,3038,1
1142599,"2011-09-23 16:17:49",15974,15427,1
1142950,"2011-09-23 17:21:18",15984,4551,1
1143276,"2011-09-23 18:16:33",9731,13810,1
1143277,"2011-09-23 18:17:53",15984,5750,1
1143278,"2011-09-23 18:17:53",15984,13810,1
1143279,"2011-09-23 18:17:53",15984,8300,1
1144430,"2011-09-23 23:01:20",15995,15913,1
1145456,"2011-09-24 05:50:19",16003,15958,1
1152282,"2011-09-25 15:52:40",16013,3412,1
1153233,"2011-09-25 23:39:02",16030,884,1
1153384,"2011-09-26 00:15:06",16032,11887,1
1153810,"2011-09-26 03:11:46",16032,15361,1
1155386,"2011-09-26 12:09:59",16050,2131,1
1157413,"2011-09-26 20:58:32",16065,15805,1
1160564,"2011-09-27 11:37:15",16098,10,1
1161115,"2011-09-27 13:41:47",16108,16054,1
1167716,"2011-09-28 21:09:21",16146,14500,1
1169542,"2011-09-29 06:16:26",11713,1576,1
1170418,"2011-09-29 09:46:43",12643,15526,1
1172294,"2011-09-29 17:30:56",16230,16117,1
1173295,"2011-09-29 21:37:31",12197,16194,1
1180547,"2011-10-01 05:01:30",16313,16287,1
1180548,"2011-10-01 05:01:30",16313,3395,1
1182024,"2011-10-01 13:24:47",16320,6791,1
1190275,"2011-10-03 01:38:04",16375,16247,1
1195277,"2011-10-03 18:37:50",16413,6916,1
1196678,"2011-10-03 23:08:23",16428,1576,1
1199505,"2011-10-04 11:59:56",16467,16312,1
1201156,"2011-10-04 17:22:22",16485,7785,1
1201532,"2011-10-04 18:27:06",16480,14500,1
1203008,"2011-10-04 22:07:16",16502,13314,1
1207559,"2011-10-05 13:16:59",16539,16524,1
1208285,"2011-10-05 15:13:27",16542,11289,1
1208386,"2011-10-05 15:46:17",16528,4252,1
1208862,"2011-10-05 17:35:26",16540,4551,1
1209188,"2011-10-05 18:48:43",16542,9220,1
1209864,"2011-10-05 20:34:16",16552,5504,1
1210040,"2011-10-05 20:46:10",16556,5700,1
1210041,"2011-10-05 20:46:10",16556,2432,1
1210367,"2011-10-05 21:20:44",16564,3294,1
1210943,"2011-10-05 22:01:56",16574,4713,1
1212546,"2011-10-06 05:59:08",16565,16331,1
1213372,"2011-10-06 09:54:46",16583,25,1
1215299,"2011-10-06 15:50:37",16605,13673,1
1216375,"2011-10-06 18:21:49",16613,16567,1
1216901,"2011-10-06 20:20:37",16604,15991,1
1217227,"2011-10-06 21:40:29",16631,396,1
1217228,"2011-10-06 21:40:29",16631,13148,1
1217254,"2011-10-06 21:41:26",13148,16631,1
